bairro,model,semana,y_true,y_pred
AEROLANDIA,poisson,2026-01-05,1,0.061640611955536745
AEROLANDIA,poisson,2026-01-12,1,0.06331825863713439
AEROLANDIA,poisson,2026-01-19,0,0.062395899346173664
AEROLANDIA,poisson,2026-01-26,0,0.06267734522693232
AEROLANDIA,poisson,2026-02-02,0,0.06660298628938387
AEROLANDIA,poisson,2026-02-09,0,0.06529736072369166
AEROLANDIA,poisson,2026-02-16,0,0.06660587621966606
AEROLANDIA,poisson,2026-02-23,0,0.06775224761238272
AEROLANDIA,poisson,2026-03-02,0,0.06974655178235484
AEROLANDIA,poisson,2026-03-09,0,0.07094697817476847
AEROLANDIA,poisson,2026-03-16,0,0.07216806542405285
AEROLANDIA,poisson,2026-03-23,0,0.07341016912969275
AEROLANDIA,poisson,2026-03-30,0,0.0746736510114899
AEROLANDIA,poisson,2026-04-06,0,0.0768716884028286
AEROLANDIA,poisson,2026-04-13,0,0.07819474741047835
AEROLANDIA,poisson,2026-04-20,0,0.07954057793744937
AEROLANDIA,poisson,2026-04-27,0,0.08090957191039734
AEROLANDIA,poisson,2026-05-04,0,0.08329116517612499
AEROLANDIA,poisson,2026-05-11,0,0.08472471150031188
AEROLANDIA,poisson,2026-05-18,0,0.08618293097031492
AEROLANDIA,poisson,2026-05-25,0,0.08766624824218759
AEROLANDIA,poisson,2026-06-01,0,0.0902467259473029
AEROLANDIA,poisson,2026-06-08,0,0.09179998627182936
AEROLANDIA,poisson,2026-06-15,0,0.09337998017156783
AEROPORTO,poisson,2026-01-05,0,0.049485048056188086
AEROPORTO,poisson,2026-01-12,0,0.05000993146963154
AEROPORTO,poisson,2026-01-19,0,0.050540382273802725
AEROPORTO,poisson,2026-01-26,0,0.05107645952150974
AEROPORTO,poisson,2026-02-02,0,0.05195551427014544
AEROPORTO,poisson,2026-02-09,0,0.052506601694499576
AEROPORTO,poisson,2026-02-16,0,0.05306353445314683
AEROPORTO,poisson,2026-02-23,0,0.05362637454701758
AEROPORTO,poisson,2026-03-02,0,0.054549314775046105
AEROPORTO,poisson,2026-03-09,0,0.05512791440594105
AEROPORTO,poisson,2026-03-16,0,0.05571265119060687
AEROPORTO,poisson,2026-03-23,0,0.05630359022527665
AEROPORTO,poisson,2026-03-30,0,0.056900797296653226
AEROPORTO,poisson,2026-04-06,0,0.05788009219166676
AEROPORTO,poisson,2026-04-13,0,0.058494021076316724
AEROPORTO,poisson,2026-04-20,0,0.05911446184892564
AEROPORTO,poisson,2026-04-27,0,0.05974148358049811
AEROPORTO,poisson,2026-05-04,0,0.06076966829267187
AEROPORTO,poisson,2026-05-11,0,0.061414246648765776
AEROPORTO,poisson,2026-05-18,0,0.06206566198898048
AEROPORTO,poisson,2026-05-25,0,0.06272398683258606
AEROPORTO,poisson,2026-06-01,0,0.06380350211213139
AEROPORTO,poisson,2026-06-08,0,0.06448026006819595
AEROPORTO,poisson,2026-06-15,0,0.0651641963344776
ALDEOTA,poisson,2026-01-05,1,0.07289097384550307
ALDEOTA,poisson,2026-01-12,0,0.07394312309413287
ALDEOTA,poisson,2026-01-19,0,0.07374705898567478
ALDEOTA,poisson,2026-01-26,0,0.07021828239212871
ALDEOTA,poisson,2026-02-02,0,0.07015614895123504
ALDEOTA,poisson,2026-02-09,0,0.06969044805593651
ALDEOTA,poisson,2026-02-16,0,0.06949121299707875
ALDEOTA,poisson,2026-02-23,0,0.06929254752285974
ALDEOTA,poisson,2026-03-02,0,0.06701306613092671
ALDEOTA,poisson,2026-03-09,0,0.06682148532541782
ALDEOTA,poisson,2026-03-16,0,0.06663045222212814
ALDEOTA,poisson,2026-03-23,0,0.06643996525525518
ALDEOTA,poisson,2026-03-30,0,0.06625002286347269
ALDEOTA,poisson,2026-04-06,0,0.0640706298445827
ALDEOTA,poisson,2026-04-13,0,0.0638874610450667
ALDEOTA,poisson,2026-04-20,0,0.06370481589904368
ALDEOTA,poisson,2026-04-27,0,0.06352269290946295
ALDEOTA,poisson,2026-05-04,0,0.06143301946507376
ALDEOTA,poisson,2026-05-11,0,0.06125739121772617
ALDEOTA,poisson,2026-05-18,0,0.06108226506650756
ALDEOTA,poisson,2026-05-25,0,0.06090763957599668
ALDEOTA,poisson,2026-06-01,0,0.05890399219971508
ALDEOTA,poisson,2026-06-08,0,0.05873559408088755
ALDEOTA,poisson,2026-06-15,0,0.05856767738828203
ALTO DA BALANCA,poisson,2026-01-05,0,0.09841511321376332
ALTO DA BALANCA,poisson,2026-01-12,0,0.09771926780563332
ALTO DA BALANCA,poisson,2026-01-19,0,0.09702834238200776
ALTO DA BALANCA,poisson,2026-01-26,0,0.09634230215606876
ALTO DA BALANCA,poisson,2026-02-02,0,0.0867506191174789
ALTO DA BALANCA,poisson,2026-02-09,0,0.0861372476748813
ALTO DA BALANCA,poisson,2026-02-16,0,0.08552821308348342
ALTO DA BALANCA,poisson,2026-02-23,0,0.08492348467951931
ALTO DA BALANCA,poisson,2026-03-02,0,0.07646864055238863
ALTO DA BALANCA,poisson,2026-03-09,0,0.07592796798029344
ALTO DA BALANCA,poisson,2026-03-16,0,0.07539111824103673
ALTO DA BALANCA,poisson,2026-03-23,0,0.07485806430522643
ALTO DA BALANCA,poisson,2026-03-30,0,0.07432877933458226
ALTO DA BALANCA,poisson,2026-04-06,0,0.06692872685433653
ALTO DA BALANCA,poisson,2026-04-13,0,0.06645550637292105
ALTO DA BALANCA,poisson,2026-04-20,0,0.06598563180341149
ALTO DA BALANCA,poisson,2026-04-27,0,0.06551907948849184
ALTO DA BALANCA,poisson,2026-05-04,0,0.058996106408444875
ALTO DA BALANCA,poisson,2026-05-11,0,0.058578973628719305
ALTO DA BALANCA,poisson,2026-05-18,0,0.05816479019203539
ALTO DA BALANCA,poisson,2026-05-25,0,0.05775353524502273
ALTO DA BALANCA,poisson,2026-06-01,0,0.05200368713021524
ALTO DA BALANCA,poisson,2026-06-08,0,0.05163599434692503
ALTO DA BALANCA,poisson,2026-06-15,0,0.05127090134050343
ALVARO WEYNE,poisson,2026-01-05,0,0.05951793469119135
ALVARO WEYNE,poisson,2026-01-12,0,0.06154752129342612
ALVARO WEYNE,poisson,2026-01-19,0,0.06364631765230552
ALVARO WEYNE,poisson,2026-01-26,0,0.06581668384963621
ALVARO WEYNE,poisson,2026-02-02,0,0.06509864954645857
ALVARO WEYNE,poisson,2026-02-09,0,0.06731854087213357
ALVARO WEYNE,poisson,2026-02-16,0,0.06961413142555203
ALVARO WEYNE,poisson,2026-02-23,0,0.07198800258221397
ALVARO WEYNE,poisson,2026-03-02,0,0.07120264160308351
ALVARO WEYNE,poisson,2026-03-09,0,0.07363068162482052
ALVARO WEYNE,poisson,2026-03-16,0,0.07614151883237007
ALVARO WEYNE,poisson,2026-03-23,0,0.07873797664458736
ALVARO WEYNE,poisson,2026-03-30,0,0.0814229747600979
ALVARO WEYNE,poisson,2026-04-06,0,0.08053468192118664
ALVARO WEYNE,poisson,2026-04-13,0,0.08328094844220332
ALVARO WEYNE,poisson,2026-04-20,0,0.08612086380648286
ALVARO WEYNE,poisson,2026-04-27,0,0.08905762147896287
ALVARO WEYNE,poisson,2026-05-04,0,0.08808603762755832
ALVARO WEYNE,poisson,2026-05-11,0,0.09108980855375778
ALVARO WEYNE,poisson,2026-05-18,0,0.09419600933172591
ALVARO WEYNE,poisson,2026-05-25,1,0.09740813286248319
ALVARO WEYNE,poisson,2026-06-01,2,0.10495489660990348
ALVARO WEYNE,poisson,2026-06-08,0,0.1291747349449614
ALVARO WEYNE,poisson,2026-06-15,0,0.15631293699539547
ANCURI,poisson,2026-01-05,0,0.17206147461316673
ANCURI,poisson,2026-01-12,0,0.16873102480740096
ANCURI,poisson,2026-01-19,0,0.1789496360246539
ANCURI,poisson,2026-01-26,0,0.1683313830134396
ANCURI,poisson,2026-02-02,0,0.17662509140997756
ANCURI,poisson,2026-02-09,0,0.172541084227026
ANCURI,poisson,2026-02-16,0,0.16855150935002403
ANCURI,poisson,2026-02-23,0,0.16465418327144885
ANCURI,poisson,2026-03-02,0,0.17112660819354716
ANCURI,poisson,2026-03-09,0,0.16716973948662964
ANCURI,poisson,2026-03-16,0,0.16330436333092355
ANCURI,poisson,2026-03-23,0,0.15952836419327693
ANCURI,poisson,2026-03-30,0,0.15583967545687552
ANCURI,poisson,2026-04-06,0,0.16196560909085989
ANCURI,poisson,2026-04-13,0,0.15822056524891323
ANCURI,poisson,2026-04-20,0,0.15456211604552492
ANCURI,poisson,2026-04-27,0,0.1509882591993483
ANCURI,poisson,2026-05-04,0,0.15692348752072652
ANCURI,poisson,2026-05-11,0,0.1532950299494244
ANCURI,poisson,2026-05-18,1,0.14975047125492366
ANCURI,poisson,2026-05-25,0,0.13807171038894195
ANCURI,poisson,2026-06-01,0,0.14405245323311955
ANCURI,poisson,2026-06-08,0,0.15277649207636726
ANCURI,poisson,2026-06-15,0,0.14371126298135448
ANTONIO BEZERRA,poisson,2026-01-05,0,0.06491772974387942
ANTONIO BEZERRA,poisson,2026-01-12,0,0.06486821357698333
ANTONIO BEZERRA,poisson,2026-01-19,0,0.06481873517867213
ANTONIO BEZERRA,poisson,2026-01-26,0,0.06476929452013769
ANTONIO BEZERRA,poisson,2026-02-02,0,0.0749064629244704
ANTONIO BEZERRA,poisson,2026-02-09,0,0.07484932782540894
ANTONIO BEZERRA,poisson,2026-02-16,1,0.07479223630629263
ANTONIO BEZERRA,poisson,2026-02-23,0,0.06988841034988584
ANTONIO BEZERRA,poisson,2026-03-02,0,0.12100886454039031
ANTONIO BEZERRA,poisson,2026-03-09,0,0.10024208379150289
ANTONIO BEZERRA,poisson,2026-03-16,0,0.08819914015905635
ANTONIO BEZERRA,poisson,2026-03-23,0,0.08623450998936011
ANTONIO BEZERRA,poisson,2026-03-30,0,0.08616873439299098
ANTONIO BEZERRA,poisson,2026-04-06,0,0.09965517080088451
ANTONIO BEZERRA,poisson,2026-04-13,0,0.09957915856063983
ANTONIO BEZERRA,poisson,2026-04-20,0,0.09950320429892871
ANTONIO BEZERRA,poisson,2026-04-27,0,0.0994273079715279
ANTONIO BEZERRA,poisson,2026-05-04,0,0.11498886954733692
ANTONIO BEZERRA,poisson,2026-05-11,0,0.11490116148856531
ANTONIO BEZERRA,poisson,2026-05-18,0,0.11481352032934325
ANTONIO BEZERRA,poisson,2026-05-25,0,0.11472594601864285
ANTONIO BEZERRA,poisson,2026-06-01,0,0.13268192722476477
ANTONIO BEZERRA,poisson,2026-06-08,0,0.1325807237403165
ANTONIO BEZERRA,poisson,2026-06-15,0,0.13247959744908872
AUTRAN NUNES,poisson,2026-01-05,0,0.023599912678749894
AUTRAN NUNES,poisson,2026-01-12,0,0.024290515538217382
AUTRAN NUNES,poisson,2026-01-19,0,0.025001327468624948
AUTRAN NUNES,poisson,2026-01-26,0,0.02573293984682931
AUTRAN NUNES,poisson,2026-02-02,0,0.026865672231707226
AUTRAN NUNES,poisson,2026-02-09,0,0.02765184082128168
AUTRAN NUNES,poisson,2026-02-16,0,0.028461015016146892
AUTRAN NUNES,poisson,2026-02-23,0,0.02929386802798013
AUTRAN NUNES,poisson,2026-03-02,0,0.030583348094818327
AUTRAN NUNES,poisson,2026-03-09,0,0.03147830681495752
AUTRAN NUNES,poisson,2026-03-16,0,0.03239945465959252
AUTRAN NUNES,poisson,2026-03-23,0,0.03334755799953619
AUTRAN NUNES,poisson,2026-03-30,0,0.03432340563186555
AUTRAN NUNES,poisson,2026-04-06,0,0.03583427976245211
AUTRAN NUNES,poisson,2026-04-13,0,0.036882896187765864
AUTRAN NUNES,poisson,2026-04-20,0,0.037962198213982626
AUTRAN NUNES,poisson,2026-04-27,0,0.03907308379204048
AUTRAN NUNES,poisson,2026-05-04,0,0.04079303291762574
AUTRAN NUNES,poisson,2026-05-11,0,0.041986757045454
AUTRAN NUNES,poisson,2026-05-18,0,0.043215413052366536
AUTRAN NUNES,poisson,2026-05-25,0,0.04448002314789056
AUTRAN NUNES,poisson,2026-06-01,0,0.04643797909849848
AUTRAN NUNES,poisson,2026-06-08,0,0.047796890955074584
AUTRAN NUNES,poisson,2026-06-15,0,0.049195568569545274
BARRA DO CEARA,poisson,2026-01-05,0,0.609473808883625
BARRA DO CEARA,poisson,2026-01-12,1,0.6300135475697906
BARRA DO CEARA,poisson,2026-01-19,0,0.6322066474530539
BARRA DO CEARA,poisson,2026-01-26,0,0.6585904943346316
BARRA DO CEARA,poisson,2026-02-02,0,0.6512628825100506
BARRA DO CEARA,poisson,2026-02-09,0,0.6245604617485988
BARRA DO CEARA,poisson,2026-02-16,0,0.6456086323033348
BARRA DO CEARA,poisson,2026-02-23,0,0.6713193818613711
BARRA DO CEARA,poisson,2026-03-02,0,0.5884494978688873
BARRA DO CEARA,poisson,2026-03-09,0,0.61188393927851
BARRA DO CEARA,poisson,2026-03-16,0,0.6362516350220558
BARRA DO CEARA,poisson,2026-03-23,1,0.6615897510654877
BARRA DO CEARA,poisson,2026-03-30,0,0.6638927688520524
BARRA DO CEARA,poisson,2026-04-06,0,0.5830079697280682
BARRA DO CEARA,poisson,2026-04-13,0,0.6839041001261744
BARRA DO CEARA,poisson,2026-04-20,0,0.655863357236502
BARRA DO CEARA,poisson,2026-04-27,0,0.6779664595767722
BARRA DO CEARA,poisson,2026-05-04,0,0.5942760383347351
BARRA DO CEARA,poisson,2026-05-11,0,0.6179425161751174
BARRA DO CEARA,poisson,2026-05-18,1,0.6425514889795213
BARRA DO CEARA,poisson,2026-05-25,0,0.6447882338890673
BARRA DO CEARA,poisson,2026-06-01,1,0.5662310191963913
BARRA DO CEARA,poisson,2026-06-08,0,0.6410083474410694
BARRA DO CEARA,poisson,2026-06-15,0,0.6158548814890541
BARROSO,poisson,2026-01-05,0,0.34370680675512855
BARROSO,poisson,2026-01-12,0,0.3489366824432315
BARROSO,poisson,2026-01-19,1,0.3542461364206655
BARROSO,poisson,2026-01-26,1,0.33940171628999494
BARROSO,poisson,2026-02-02,1,0.2527237844887811
BARROSO,poisson,2026-02-09,1,0.22278772314208867
BARROSO,poisson,2026-02-16,0,0.2202845417109056
BARROSO,poisson,2026-02-23,1,0.23696930755082773
BARROSO,poisson,2026-03-02,0,0.27539798317096525
BARROSO,poisson,2026-03-09,0,0.2653011366859011
BARROSO,poisson,2026-03-16,0,0.3088112088731611
BARROSO,poisson,2026-03-23,0,0.35164073434810483
BARROSO,poisson,2026-03-30,0,0.36654170934156005
BARROSO,poisson,2026-04-06,1,0.35099308578240235
BARROSO,poisson,2026-04-13,0,0.3362849823124261
BARROSO,poisson,2026-04-20,0,0.2813017749405659
BARROSO,poisson,2026-04-27,0,0.31890453074033975
BARROSO,poisson,2026-05-04,0,0.342518062055402
BARROSO,poisson,2026-05-11,0,0.35703245865099587
BARROSO,poisson,2026-05-18,0,0.3624650987345331
BARROSO,poisson,2026-05-25,0,0.3679804023898608
BARROSO,poisson,2026-06-01,0,0.3523707497689208
BARROSO,poisson,2026-06-08,0,0.35773245684366034
BARROSO,poisson,2026-06-15,0,0.36317574816673537
BOA VISTA,poisson,2026-01-05,0,0.140294854307614
BOA VISTA,poisson,2026-01-12,0,0.1406434686662861
BOA VISTA,poisson,2026-01-19,0,0.1409929492860315
BOA VISTA,poisson,2026-01-26,0,0.1413432983193957
BOA VISTA,poisson,2026-02-02,0,0.13097843781094987
BOA VISTA,poisson,2026-02-09,0,0.1313039020934618
BOA VISTA,poisson,2026-02-16,0,0.1316301751121364
BOA VISTA,poisson,2026-02-23,0,0.13195725887657728
BOA VISTA,poisson,2026-03-02,0,0.12228068702920225
BOA VISTA,poisson,2026-03-09,0,0.12258453853891761
BOA VISTA,poisson,2026-03-16,0,0.12288914507988284
BOA VISTA,poisson,2026-03-23,0,0.12319450852825177
BOA VISTA,poisson,2026-03-30,1,0.12350063076484027
BOA VISTA,poisson,2026-04-06,0,0.13805931332461835
BOA VISTA,poisson,2026-04-13,0,0.11158640126751662
BOA VISTA,poisson,2026-04-20,0,0.11981626718708527
BOA VISTA,poisson,2026-04-27,0,0.11583984673875233
BOA VISTA,poisson,2026-05-04,0,0.10684441468416032
BOA VISTA,poisson,2026-05-11,0,0.10710990907657147
BOA VISTA,poisson,2026-05-18,0,0.10737606318781412
BOA VISTA,poisson,2026-05-25,0,0.10764287865720319
BOA VISTA,poisson,2026-06-01,0,0.09974930722314555
BOA VISTA,poisson,2026-06-08,0,0.09999717120174409
BOA VISTA,poisson,2026-06-15,0,0.10024565108990226
BOM JARDIM,poisson,2026-01-05,0,0.18854598699946054
BOM JARDIM,poisson,2026-01-12,0,0.19258623548968035
BOM JARDIM,poisson,2026-01-19,0,0.1967130602476983
BOM JARDIM,poisson,2026-01-26,1,0.20092831646884798
BOM JARDIM,poisson,2026-02-02,0,0.157090103426093
BOM JARDIM,poisson,2026-02-09,0,0.2551537765489804
BOM JARDIM,poisson,2026-02-16,0,0.20826864410798748
BOM JARDIM,poisson,2026-02-23,0,0.20962564736016598
BOM JARDIM,poisson,2026-03-02,0,0.19748425337300765
BOM JARDIM,poisson,2026-03-09,0,0.201716035068445
BOM JARDIM,poisson,2026-03-16,0,0.20603849729163062
BOM JARDIM,poisson,2026-03-23,0,0.2104535831858324
BOM JARDIM,poisson,2026-03-30,0,0.2149632775328691
BOM JARDIM,poisson,2026-04-06,0,0.20644197849334292
BOM JARDIM,poisson,2026-04-13,0,0.21086571036480461
BOM JARDIM,poisson,2026-04-20,0,0.21538423595900344
BOM JARDIM,poisson,2026-04-27,0,0.21999958655860544
BOM JARDIM,poisson,2026-05-04,0,0.2112786446044554
BOM JARDIM,poisson,2026-05-11,0,0.21580601873987673
BOM JARDIM,poisson,2026-05-18,0,0.22043040749123546
BOM JARDIM,poisson,2026-05-25,0,0.2251538897314995
BOM JARDIM,poisson,2026-06-01,0,0.21622862748980692
BOM JARDIM,poisson,2026-06-08,0,0.22086207209216005
BOM JARDIM,poisson,2026-06-15,0,0.22559480423628003
BONSUCESSO,poisson,2026-01-05,0,0.24236590277504658
BONSUCESSO,poisson,2026-01-12,0,0.24407013573970426
BONSUCESSO,poisson,2026-01-19,1,0.245786352279463
BONSUCESSO,poisson,2026-01-26,0,0.24983786919004702
BONSUCESSO,poisson,2026-02-02,0,0.32983510266408894
BONSUCESSO,poisson,2026-02-09,0,0.21604559307812635
BONSUCESSO,poisson,2026-02-16,0,0.24205629341262977
BONSUCESSO,poisson,2026-02-23,0,0.2377779441866664
BONSUCESSO,poisson,2026-03-02,0,0.2236726510351111
BONSUCESSO,poisson,2026-03-09,0,0.22524543953721415
BONSUCESSO,poisson,2026-03-16,0,0.22682928734254848
BONSUCESSO,poisson,2026-03-23,1,0.22842427221629857
BONSUCESSO,poisson,2026-03-30,0,0.23218959438772618
BONSUCESSO,poisson,2026-04-06,0,0.30653591047141304
BONSUCESSO,poisson,2026-04-13,0,0.20078436783299428
BONSUCESSO,poisson,2026-04-20,0,0.22495770064274123
BONSUCESSO,poisson,2026-04-27,0,0.22098156934348723
BONSUCESSO,poisson,2026-05-04,0,0.2078726587279861
BONSUCESSO,poisson,2026-05-11,0,0.20933434716435037
BONSUCESSO,poisson,2026-05-18,1,0.2108063136868183
BONSUCESSO,poisson,2026-05-25,0,0.21428122324481083
BONSUCESSO,poisson,2026-06-01,0,0.2828933399771182
BONSUCESSO,poisson,2026-06-08,0,0.1852982260516166
BONSUCESSO,poisson,2026-06-15,0,0.2076071126235392
CAIS DO PORTO,poisson,2026-01-05,0,0.11843664898605184
CAIS DO PORTO,poisson,2026-01-12,0,0.11978269701949115
CAIS DO PORTO,poisson,2026-01-19,0,0.12114404306519135
CAIS DO PORTO,poisson,2026-01-26,0,0.12252086098706617
CAIS DO PORTO,poisson,2026-02-02,0,0.11485297419138653
CAIS DO PORTO,poisson,2026-02-09,0,0.11615829329124712
CAIS DO PORTO,poisson,2026-02-16,0,0.11747844751370207
CAIS DO PORTO,poisson,2026-02-23,0,0.11881360546186341
CAIS DO PORTO,poisson,2026-03-02,0,0.11137773479356732
CAIS DO PORTO,poisson,2026-03-09,0,0.11264355734234158
CAIS DO PORTO,poisson,2026-03-16,0,0.1139237661302323
CAIS DO PORTO,poisson,2026-03-23,0,0.11521852465873188
CAIS DO PORTO,poisson,2026-03-30,0,0.11652799828754866
CAIS DO PORTO,poisson,2026-04-06,0,0.10923517082782004
CAIS DO PORTO,poisson,2026-04-13,0,0.11047664285640227
CAIS DO PORTO,poisson,2026-04-20,0,0.11173222437724849
CAIS DO PORTO,poisson,2026-04-27,0,0.113002075746587
CAIS DO PORTO,poisson,2026-05-04,0,0.10592991580973252
CAIS DO PORTO,poisson,2026-05-11,0,0.10713382318197567
CAIS DO PORTO,poisson,2026-05-18,0,0.10835141311924182
CAIS DO PORTO,poisson,2026-05-25,0,0.10958284112567504
CAIS DO PORTO,poisson,2026-06-01,0,0.10272467171900297
CAIS DO PORTO,poisson,2026-06-08,0,0.10389215107220003
CAIS DO PORTO,poisson,2026-06-15,0,0.10507289898121074
CAJAZEIRAS,poisson,2026-01-05,2,0.22819172216985847
CAJAZEIRAS,poisson,2026-01-12,0,0.2249162805908586
CAJAZEIRAS,poisson,2026-01-19,1,0.18584043102559944
CAJAZEIRAS,poisson,2026-01-26,0,0.24790395083633893
CAJAZEIRAS,poisson,2026-02-02,0,0.18808198755894653
CAJAZEIRAS,poisson,2026-02-09,0,0.21915906899226872
CAJAZEIRAS,poisson,2026-02-16,0,0.2066541642916239
CAJAZEIRAS,poisson,2026-02-23,0,0.2066485572035293
CAJAZEIRAS,poisson,2026-03-02,0,0.19194560551588416
CAJAZEIRAS,poisson,2026-03-09,0,0.19113605711784803
CAJAZEIRAS,poisson,2026-03-16,0,0.19032992306528232
CAJAZEIRAS,poisson,2026-03-23,0,0.18952718895786824
CAJAZEIRAS,poisson,2026-03-30,0,0.18872784045602178
CAJAZEIRAS,poisson,2026-04-06,0,0.17529993968628396
CAJAZEIRAS,poisson,2026-04-13,0,0.17456059592810075
CAJAZEIRAS,poisson,2026-04-20,0,0.1738243704208065
CAJAZEIRAS,poisson,2026-04-27,0,0.17309125001288886
CAJAZEIRAS,poisson,2026-05-04,1,0.16077588560418862
CAJAZEIRAS,poisson,2026-05-11,1,0.1592808771312309
CAJAZEIRAS,poisson,2026-05-18,0,0.14374203785827894
CAJAZEIRAS,poisson,2026-05-25,0,0.15129547380443603
CAJAZEIRAS,poisson,2026-06-01,0,0.15441598464144587
CAJAZEIRAS,poisson,2026-06-08,0,0.14621796539909152
CAJAZEIRAS,poisson,2026-06-15,0,0.14621399810902588
CAMBEBA,poisson,2026-01-05,0,0.051688874309166334
CAMBEBA,poisson,2026-01-12,0,0.05175913381049059
CAMBEBA,poisson,2026-01-19,1,0.05182948881394352
CAMBEBA,poisson,2026-01-26,0,0.0508858330257731
CAMBEBA,poisson,2026-02-02,0,0.047811451660973746
CAMBEBA,poisson,2026-02-09,0,0.04791899273519947
CAMBEBA,poisson,2026-02-16,0,0.04881341135377112
CAMBEBA,poisson,2026-02-23,0,0.04908893558065631
CAMBEBA,poisson,2026-03-02,0,0.046241360378981605
CAMBEBA,poisson,2026-03-09,0,0.04630421519956347
CAMBEBA,poisson,2026-03-16,0,0.046367155457261354
CAMBEBA,poisson,2026-03-23,0,0.04643018126820792
CAMBEBA,poisson,2026-03-30,0,0.046493292748693786
CAMBEBA,poisson,2026-04-06,0,0.04379628687742463
CAMBEBA,poisson,2026-04-13,0,0.04385581816567549
CAMBEBA,poisson,2026-04-20,0,0.04391543037344107
CAMBEBA,poisson,2026-04-27,1,0.04397512361071342
CAMBEBA,poisson,2026-05-04,0,0.04061477888825669
CAMBEBA,poisson,2026-05-11,0,0.04056598945720909
CAMBEBA,poisson,2026-05-18,0,0.04065723349878709
CAMBEBA,poisson,2026-05-25,0,0.041416109771956706
CAMBEBA,poisson,2026-06-01,0,0.03918057631990474
CAMBEBA,poisson,2026-06-08,0,0.03923383357865966
CAMBEBA,poisson,2026-06-15,0,0.03928716322878488
CANINDEZINHO,poisson,2026-01-05,0,0.16143854867302135
CANINDEZINHO,poisson,2026-01-12,0,0.15061968502710762
CANINDEZINHO,poisson,2026-01-19,0,0.1575055998809034
CANINDEZINHO,poisson,2026-01-26,0,0.15217567443905042
CANINDEZINHO,poisson,2026-02-02,0,0.14804808937661523
CANINDEZINHO,poisson,2026-02-09,0,0.1517564548563324
CANINDEZINHO,poisson,2026-02-16,0,0.15555770890076567
CANINDEZINHO,poisson,2026-02-23,0,0.1594541782184076
CANINDEZINHO,poisson,2026-03-02,0,0.15512917235539245
CANINDEZINHO,poisson,2026-03-09,0,0.15901490752483732
CANINDEZINHO,poisson,2026-03-16,0,0.16299797408320024
CANINDEZINHO,poisson,2026-03-23,0,0.16708081002454303
CANINDEZINHO,poisson,2026-03-30,0,0.17126591441074027
CANINDEZINHO,poisson,2026-04-06,0,0.16662052918322673
CANINDEZINHO,poisson,2026-04-13,1,0.1707941042778938
CANINDEZINHO,poisson,2026-04-20,0,0.2029247786469292
CANINDEZINHO,poisson,2026-04-27,0,0.18720608191756283
CANINDEZINHO,poisson,2026-05-04,0,0.1757273017092712
CANINDEZINHO,poisson,2026-05-11,0,0.18252761813846033
CANINDEZINHO,poisson,2026-05-18,0,0.1834458574365536
CANINDEZINHO,poisson,2026-05-25,0,0.1880408798240717
CANINDEZINHO,poisson,2026-06-01,0,0.1829404935136442
CANINDEZINHO,poisson,2026-06-08,1,0.1875228573512661
CANINDEZINHO,poisson,2026-06-15,0,0.2228006316736229
CARLITO PAMPLONA,poisson,2026-01-05,0,0.1664412178525374
CARLITO PAMPLONA,poisson,2026-01-12,0,0.15228321975320316
CARLITO PAMPLONA,poisson,2026-01-19,0,0.15495487419788928
CARLITO PAMPLONA,poisson,2026-01-26,0,0.15946054775095564
CARLITO PAMPLONA,poisson,2026-02-02,0,0.1544096849889836
CARLITO PAMPLONA,poisson,2026-02-09,0,0.15889950589712548
CARLITO PAMPLONA,poisson,2026-02-16,0,0.16351987879615204
CARLITO PAMPLONA,poisson,2026-02-23,1,0.16827459978899761
CARLITO PAMPLONA,poisson,2026-03-02,0,0.13809564458299003
CARLITO PAMPLONA,poisson,2026-03-09,0,0.18349064868692366
CARLITO PAMPLONA,poisson,2026-03-16,0,0.19628519058360375
CARLITO PAMPLONA,poisson,2026-03-23,0,0.17958857305661446
CARLITO PAMPLONA,poisson,2026-03-30,0,0.1827392721960148
CARLITO PAMPLONA,poisson,2026-04-06,0,0.17695106314930914
CARLITO PAMPLONA,poisson,2026-04-13,0,0.18209632708208887
CARLITO PAMPLONA,poisson,2026-04-20,0,0.187391201536935
CARLITO PAMPLONA,poisson,2026-04-27,0,0.19284003678792577
CARLITO PAMPLONA,poisson,2026-05-04,0,0.18673188919551534
CARLITO PAMPLONA,poisson,2026-05-11,0,0.192161553405935
CARLITO PAMPLONA,poisson,2026-05-18,0,0.19774909773830346
CARLITO PAMPLONA,poisson,2026-05-25,0,0.2034991129245592
CARLITO PAMPLONA,poisson,2026-06-01,0,0.19705334244363573
CARLITO PAMPLONA,poisson,2026-06-08,0,0.2027831269256506
CARLITO PAMPLONA,poisson,2026-06-15,0,0.20867951822490183
CASTELAO,poisson,2026-01-05,0,0.05321250279014273
CASTELAO,poisson,2026-01-12,0,0.05316792915708207
CASTELAO,poisson,2026-01-19,0,0.05312339286127603
CASTELAO,poisson,2026-01-26,0,0.05307889387144887
CASTELAO,poisson,2026-02-02,0,0.052222226014778036
CASTELAO,poisson,2026-02-09,0,0.05217848189040986
CASTELAO,poisson,2026-02-16,0,0.05213477440845555
CASTELAO,poisson,2026-02-23,0,0.0520911035382214
CASTELAO,poisson,2026-03-02,0,0.05125037814315599
CASTELAO,poisson,2026-03-09,0,0.05120744809044675
CASTELAO,poisson,2026-03-16,0,0.05116455399824143
CASTELAO,poisson,2026-03-23,0,0.05112169583641764
CASTELAO,poisson,2026-03-30,0,0.051078873574878135
CASTELAO,poisson,2026-04-06,0,0.05025448508531149
CASTELAO,poisson,2026-04-13,0,0.050212389245792736
CASTELAO,poisson,2026-04-20,0,0.05017032866799645
CASTELAO,poisson,2026-04-27,0,0.05012830332238549
CASTELAO,poisson,2026-05-04,0,0.04931925658019567
CASTELAO,poisson,2026-05-11,0,0.04927794413799954
CASTELAO,poisson,2026-05-18,0,0.04923666630131042
CASTELAO,poisson,2026-05-25,0,0.04919542304114093
CASTELAO,poisson,2026-06-01,0,0.048401432538687374
CASTELAO,poisson,2026-06-08,0,0.048360888914906
CASTELAO,poisson,2026-06-15,0,0.0483203792526283
CENTRO,poisson,2026-01-05,0,0.13567795348863015
CENTRO,poisson,2026-01-12,1,0.1559742730323818
CENTRO,poisson,2026-01-19,0,0.16491782286148798
CENTRO,poisson,2026-01-26,1,0.15985459224026116
CENTRO,poisson,2026-02-02,1,0.13955265389192142
CENTRO,poisson,2026-02-09,0,0.15378765026777255
CENTRO,poisson,2026-02-16,0,0.14037967791860245
CENTRO,poisson,2026-02-23,0,0.153093921440564
CENTRO,poisson,2026-03-02,0,0.15094559582837405
CENTRO,poisson,2026-03-09,0,0.15550497931790394
CENTRO,poisson,2026-03-16,0,0.16138119142668242
CENTRO,poisson,2026-03-23,0,0.16747945345887055
CENTRO,poisson,2026-03-30,0,0.17380815622262383
CENTRO,poisson,2026-04-06,0,0.15584122256689378
CENTRO,poisson,2026-04-13,0,0.16173014061383498
CENTRO,poisson,2026-04-20,0,0.16784158871535598
CENTRO,poisson,2026-04-27,0,0.17418397582277798
CENTRO,poisson,2026-05-04,0,0.15617819286348678
CENTRO,poisson,2026-05-11,0,0.16207984432221859
CENTRO,poisson,2026-05-18,0,0.16820450700487194
CENTRO,poisson,2026-05-25,0,0.1745606080451641
CENTRO,poisson,2026-06-01,0,0.15651589177975378
CENTRO,poisson,2026-06-08,0,0.16243030418330934
CENTRO,poisson,2026-06-15,1,0.16856821002054473
CIDADE DOS FUNCIONARIOS,poisson,2026-01-05,0,0.2534746667251256
CIDADE DOS FUNCIONARIOS,poisson,2026-01-12,0,0.2484644291481115
CIDADE DOS FUNCIONARIOS,poisson,2026-01-19,0,0.24355322505993665
CIDADE DOS FUNCIONARIOS,poisson,2026-01-26,0,0.23873909694226747
CIDADE DOS FUNCIONARIOS,poisson,2026-02-02,0,0.21537053860472077
CIDADE DOS FUNCIONARIOS,poisson,2026-02-09,0,0.21111347584006482
CIDADE DOS FUNCIONARIOS,poisson,2026-02-16,0,0.20694055914060241
CIDADE DOS FUNCIONARIOS,poisson,2026-02-23,0,0.20285012525618232
CIDADE DOS FUNCIONARIOS,poisson,2026-03-02,0,0.18299449605032145
CIDADE DOS FUNCIONARIOS,poisson,2026-03-09,0,0.17937738546351742
CIDADE DOS FUNCIONARIOS,poisson,2026-03-16,0,0.17583177150245663
CIDADE DOS FUNCIONARIOS,poisson,2026-03-23,0,0.17235624094866803
CIDADE DOS FUNCIONARIOS,poisson,2026-03-30,0,0.1689494085176766
CIDADE DOS FUNCIONARIOS,poisson,2026-04-06,0,0.1524120915905121
CIDADE DOS FUNCIONARIOS,poisson,2026-04-13,0,0.14939947972541326
CIDADE DOS FUNCIONARIOS,poisson,2026-04-20,0,0.14644641582763793
CIDADE DOS FUNCIONARIOS,poisson,2026-04-27,0,0.14355172285859918
CIDADE DOS FUNCIONARIOS,poisson,2026-05-04,0,0.12950041390651867
CIDADE DOS FUNCIONARIOS,poisson,2026-05-11,0,0.12694067944320472
CIDADE DOS FUNCIONARIOS,poisson,2026-05-18,0,0.12443154127008808
CIDADE DOS FUNCIONARIOS,poisson,2026-05-25,0,0.12197199928945604
CIDADE DOS FUNCIONARIOS,poisson,2026-06-01,0,0.11003298378068863
CIDADE DOS FUNCIONARIOS,poisson,2026-06-08,0,0.10785804694312762
CIDADE DOS FUNCIONARIOS,poisson,2026-06-15,0,0.10572610039888454
CIRSTO REDENTOR,poisson,2026-01-05,0,0.315335073619666
CIRSTO REDENTOR,poisson,2026-01-12,0,0.31090181669166256
CIRSTO REDENTOR,poisson,2026-01-19,0,0.3065308863763131
CIRSTO REDENTOR,poisson,2026-01-26,0,0.3022214064314533
CIRSTO REDENTOR,poisson,2026-02-02,0,0.3083290084498375
CIRSTO REDENTOR,poisson,2026-02-09,0,0.3039942489284044
CIRSTO REDENTOR,poisson,2026-02-16,0,0.2997204312567282
CIRSTO REDENTOR,poisson,2026-02-23,0,0.2955066986608556
CIRSTO REDENTOR,poisson,2026-03-02,0,0.30147860293626116
CIRSTO REDENTOR,poisson,2026-03-09,0,0.2972401524214796
CIRSTO REDENTOR,poisson,2026-03-16,0,0.29306128976000256
CIRSTO REDENTOR,poisson,2026-03-23,0,0.2889411772135462
CIRSTO REDENTOR,poisson,2026-03-30,0,0.2848789888214854
CIRSTO REDENTOR,poisson,2026-04-06,0,0.2906361173706042
CIRSTO REDENTOR,poisson,2026-04-13,0,0.28655010002381426
CIRSTO REDENTOR,poisson,2026-04-20,0,0.2825215274912109
CIRSTO REDENTOR,poisson,2026-04-27,0,0.2785495921632328
CIRSTO REDENTOR,poisson,2026-05-04,0,0.28417880973390186
CIRSTO REDENTOR,poisson,2026-05-11,0,0.28018357487917045
CIRSTO REDENTOR,poisson,2026-05-18,0,0.2762445085387607
CIRSTO REDENTOR,poisson,2026-05-25,0,0.2723608210464538
CIRSTO REDENTOR,poisson,2026-06-01,0,0.2778649695447151
CIRSTO REDENTOR,poisson,2026-06-08,0,0.27395850019088314
CIRSTO REDENTOR,poisson,2026-06-15,0,0.27010695140813806
COACU,poisson,2026-01-05,0,0.03637899367779652
COACU,poisson,2026-01-12,0,0.036949973197724154
COACU,poisson,2026-01-19,0,0.03752991441722667
COACU,poisson,2026-01-26,0,0.0381189579929414
COACU,poisson,2026-02-02,0,0.039064891747297825
COACU,poisson,2026-02-09,0,0.03967802726537872
COACU,poisson,2026-02-16,0,0.04030078613442045
COACU,poisson,2026-02-23,0,0.04093331939588288
COACU,poisson,2026-03-02,0,0.041949092400527646
COACU,poisson,2026-03-09,0,0.04260749633694198
COACU,poisson,2026-03-16,0,0.04327623412609732
COACU,poisson,2026-03-23,0,0.04395546796099793
COACU,poisson,2026-03-30,0,0.0446453625803173
COACU,poisson,2026-04-06,0,0.04575325108681906
COACU,poisson,2026-04-13,0,0.04647136246648114
COACU,poisson,2026-04-20,0,0.04720074482561134
COACU,poisson,2026-04-27,0,0.04794157506570683
COACU,poisson,2026-05-04,0,0.04913126010641708
COACU,poisson,2026-05-11,0,0.04990239037894363
COACU,poisson,2026-05-18,0,0.050685623778805415
COACU,poisson,2026-05-25,0,0.05148115026831682
COACU,poisson,2026-06-01,0,0.05275867096447313
COACU,poisson,2026-06-08,0,0.05358673456859918
COACU,poisson,2026-06-15,0,0.0544277948862501
CONJUNTO CEARA I,poisson,2026-01-05,0,0.016437606091497033
CONJUNTO CEARA I,poisson,2026-01-12,0,0.01699974089458774
CONJUNTO CEARA I,poisson,2026-01-19,0,0.017905167389415392
CONJUNTO CEARA I,poisson,2026-01-26,0,0.018746751633741742
CONJUNTO CEARA I,poisson,2026-02-02,0,0.019187201692689154
CONJUNTO CEARA I,poisson,2026-02-09,0,0.020089044511920482
CONJUNTO CEARA I,poisson,2026-02-16,0,0.02103327602772287
CONJUNTO CEARA I,poisson,2026-02-23,0,0.022021888606791128
CONJUNTO CEARA I,poisson,2026-03-02,0,0.02253928715799061
CONJUNTO CEARA I,poisson,2026-03-09,0,0.02359868574042026
CONJUNTO CEARA I,poisson,2026-03-16,0,0.024707878504386663
CONJUNTO CEARA I,poisson,2026-03-23,0,0.025869205891491345
CONJUNTO CEARA I,poisson,2026-03-30,0,0.027085118349499622
CONJUNTO CEARA I,poisson,2026-04-06,0,0.02772147616800098
CONJUNTO CEARA I,poisson,2026-04-13,0,0.02902444960941375
CONJUNTO CEARA I,poisson,2026-04-20,0,0.030388665813612242
CONJUNTO CEARA I,poisson,2026-04-27,0,0.031817003331973195
CONJUNTO CEARA I,poisson,2026-05-04,0,0.03256453555872307
CONJUNTO CEARA I,poisson,2026-05-11,0,0.03409514398331829
CONJUNTO CEARA I,poisson,2026-05-18,0,0.03569769454095013
CONJUNTO CEARA I,poisson,2026-05-25,0,0.03737556867812231
CONJUNTO CEARA I,poisson,2026-06-01,0,0.038253697953481255
CONJUNTO CEARA I,poisson,2026-06-08,0,0.04005171015770675
CONJUNTO CEARA I,poisson,2026-06-15,0,0.04193423309055449
CONJUNTO CEARA II,poisson,2026-01-05,0,0.09605060597998061
CONJUNTO CEARA II,poisson,2026-01-12,0,0.09463344585632862
CONJUNTO CEARA II,poisson,2026-01-19,0,0.09323719494814256
CONJUNTO CEARA II,poisson,2026-01-26,0,0.09186154475443932
CONJUNTO CEARA II,poisson,2026-02-02,0,0.08754799572890544
CONJUNTO CEARA II,poisson,2026-02-09,0,0.08625628572679969
CONJUNTO CEARA II,poisson,2026-02-16,0,0.08498363401055928
CONJUNTO CEARA II,poisson,2026-02-23,0,0.08372975938838458
CONJUNTO CEARA II,poisson,2026-03-02,0,0.07979805518089027
CONJUNTO CEARA II,poisson,2026-03-09,0,0.07862069018049757
CONJUNTO CEARA II,poisson,2026-03-16,0,0.07746069638471641
CONJUNTO CEARA II,poisson,2026-03-23,0,0.07631781749346178
CONJUNTO CEARA II,poisson,2026-03-30,0,0.07519180098817886
CONJUNTO CEARA II,poisson,2026-04-06,0,0.07166101429448977
CONJUNTO CEARA II,poisson,2026-04-13,0,0.0706037056930243
CONJUNTO CEARA II,poisson,2026-04-20,0,0.06956199694720888
CONJUNTO CEARA II,poisson,2026-04-27,0,0.06853565789198487
CONJUNTO CEARA II,poisson,2026-05-04,0,0.06531742417836109
CONJUNTO CEARA II,poisson,2026-05-11,0,0.06435371085265312
CONJUNTO CEARA II,poisson,2026-05-18,0,0.06340421644916733
CONJUNTO CEARA II,poisson,2026-05-25,0,0.062468731177560737
CONJUNTO CEARA II,poisson,2026-06-01,0,0.05953538256887337
CONJUNTO CEARA II,poisson,2026-06-08,0,0.058656979259886874
CONJUNTO CEARA II,poisson,2026-06-15,0,0.05779153618294971
CONJUNTO ESPERANCA,poisson,2026-01-05,0,0.04997283119335708
CONJUNTO ESPERANCA,poisson,2026-01-12,0,0.046652955699230635
CONJUNTO ESPERANCA,poisson,2026-01-19,0,0.04750596966295307
CONJUNTO ESPERANCA,poisson,2026-01-26,0,0.048295002237065954
CONJUNTO ESPERANCA,poisson,2026-02-02,0,0.047665224789976784
CONJUNTO ESPERANCA,poisson,2026-02-09,0,0.04879582247003821
CONJUNTO ESPERANCA,poisson,2026-02-16,0,0.04995323741823991
CONJUNTO ESPERANCA,poisson,2026-02-23,0,0.05113810572811298
CONJUNTO ESPERANCA,poisson,2026-03-02,0,0.05047125358642886
CONJUNTO ESPERANCA,poisson,2026-03-09,0,0.051668409006675776
CONJUNTO ESPERANCA,poisson,2026-03-16,0,0.052893960414705565
CONJUNTO ESPERANCA,poisson,2026-03-23,0,0.05414858135056867
CONJUNTO ESPERANCA,poisson,2026-03-30,0,0.05543296133038247
CONJUNTO ESPERANCA,poisson,2026-04-06,0,0.05471010332739748
CONJUNTO ESPERANCA,poisson,2026-04-13,0,0.05600780235578607
CONJUNTO ESPERANCA,poisson,2026-04-20,0,0.05733628222109251
CONJUNTO ESPERANCA,poisson,2026-04-27,0,0.05869627303091548
CONJUNTO ESPERANCA,poisson,2026-05-04,0,0.05793086072589879
CONJUNTO ESPERANCA,poisson,2026-05-11,0,0.059304954670262935
CONJUNTO ESPERANCA,poisson,2026-05-18,0,0.06071164150457001
CONJUNTO ESPERANCA,poisson,2026-05-25,0,0.062151694317500845
CONJUNTO ESPERANCA,poisson,2026-06-01,0,0.06134122255921402
CONJUNTO ESPERANCA,poisson,2026-06-08,0,0.06279620875141512
CONJUNTO ESPERANCA,poisson,2026-06-15,0,0.06428570656127193
CONJUNTO PALMEIRAS,poisson,2026-01-05,0,0.2127063565194183
CONJUNTO PALMEIRAS,poisson,2026-01-12,0,0.21771268088267587
CONJUNTO PALMEIRAS,poisson,2026-01-19,0,0.22283683568617169
CONJUNTO PALMEIRAS,poisson,2026-01-26,0,0.22808159422457042
CONJUNTO PALMEIRAS,poisson,2026-02-02,0,0.21061492226979026
CONJUNTO PALMEIRAS,poisson,2026-02-09,0,0.21557202197230238
CONJUNTO PALMEIRAS,poisson,2026-02-16,0,0.2206457935478035
CONJUNTO PALMEIRAS,poisson,2026-02-23,0,0.2258389830225517
CONJUNTO PALMEIRAS,poisson,2026-03-02,0,0.20854405203758078
CONJUNTO PALMEIRAS,poisson,2026-03-09,0,0.2134524110805927
CONJUNTO PALMEIRAS,poisson,2026-03-16,0,0.21847629482095138
CONJUNTO PALMEIRAS,poisson,2026-03-23,0,0.2236184222846246
CONJUNTO PALMEIRAS,poisson,2026-03-30,0,0.22888157649343896
CONJUNTO PALMEIRAS,poisson,2026-04-06,0,0.21135364125300227
CONJUNTO PALMEIRAS,poisson,2026-04-13,0,0.21632812768012283
CONJUNTO PALMEIRAS,poisson,2026-04-20,0,0.2214196951997048
CONJUNTO PALMEIRAS,poisson,2026-04-27,0,0.2266310994695257
CONJUNTO PALMEIRAS,poisson,2026-05-04,0,0.20927550756986626
CONJUNTO PALMEIRAS,poisson,2026-05-11,0,0.21420108238259866
CONJUNTO PALMEIRAS,poisson,2026-05-18,0,0.21924258708850178
CONJUNTO PALMEIRAS,poisson,2026-05-25,0,0.22440275025036094
CONJUNTO PALMEIRAS,poisson,2026-06-01,0,0.20721780712639148
CONJUNTO PALMEIRAS,poisson,2026-06-08,0,0.21209495124795402
CONJUNTO PALMEIRAS,poisson,2026-06-15,0,0.2170868853825582
CURIO,poisson,2026-01-05,1,0.11176678680606793
CURIO,poisson,2026-01-12,0,0.12117039686723033
CURIO,poisson,2026-01-19,0,0.1348587264868838
CURIO,poisson,2026-01-26,0,0.11566061001066211
CURIO,poisson,2026-02-02,0,0.12989925792338358
CURIO,poisson,2026-02-09,0,0.12779421974531394
CURIO,poisson,2026-02-16,0,0.12405362344214414
CURIO,poisson,2026-02-23,0,0.12042251613410403
CURIO,poisson,2026-03-02,0,0.127313076261545
CURIO,poisson,2026-03-09,1,0.12358656325212883
CURIO,poisson,2026-03-16,1,0.09849843751678294
CURIO,poisson,2026-03-23,0,0.10678570177936536
CURIO,poisson,2026-03-30,0,0.11884902683576182
CURIO,poisson,2026-04-06,0,0.11101179523891179
CURIO,poisson,2026-04-13,0,0.1144783195945669
CURIO,poisson,2026-04-20,0,0.11262318017991409
CURIO,poisson,2026-04-27,0,0.10932664726730042
CURIO,poisson,2026-05-04,1,0.11558230327508523
CURIO,poisson,2026-05-11,0,0.09211904577329305
CURIO,poisson,2026-05-18,0,0.12163914328027235
CURIO,poisson,2026-05-25,0,0.09952454429913549
CURIO,poisson,2026-06-01,0,0.1102922742143227
CURIO,poisson,2026-06-08,0,0.10850497033223114
CURIO,poisson,2026-06-15,0,0.105328979338983
DEMOCRITO ROCHA,poisson,2026-01-05,0,0.052251851189558086
DEMOCRITO ROCHA,poisson,2026-01-12,0,0.05183720957340134
DEMOCRITO ROCHA,poisson,2026-01-19,0,0.05142585832238832
DEMOCRITO ROCHA,poisson,2026-01-26,0,0.05101777132601213
DEMOCRITO ROCHA,poisson,2026-02-02,0,0.048114383457985334
DEMOCRITO ROCHA,poisson,2026-02-09,0,0.04773257448350461
DEMOCRITO ROCHA,poisson,2026-02-16,0,0.04735379533259258
DEMOCRITO ROCHA,poisson,2026-02-23,0,0.04697802196225531
DEMOCRITO ROCHA,poisson,2026-03-02,0,0.04430453357803093
DEMOCRITO ROCHA,poisson,2026-03-09,0,0.04395295745225461
DEMOCRITO ROCHA,poisson,2026-03-16,0,0.04360417123898235
DEMOCRITO ROCHA,poisson,2026-03-23,0,0.04325815279902094
DEMOCRITO ROCHA,poisson,2026-03-30,0,0.042914880168861455
DEMOCRITO ROCHA,poisson,2026-04-06,0,0.04047262251625075
DEMOCRITO ROCHA,poisson,2026-04-13,0,0.04015145430444213
DEMOCRITO ROCHA,poisson,2026-04-20,1,0.039832834704852445
DEMOCRITO ROCHA,poisson,2026-04-27,0,0.042873311163664204
DEMOCRITO ROCHA,poisson,2026-05-04,0,0.03519636126881537
DEMOCRITO ROCHA,poisson,2026-05-11,0,0.03654347559519903
DEMOCRITO ROCHA,poisson,2026-05-18,0,0.03667989543383694
DEMOCRITO ROCHA,poisson,2026-05-25,0,0.03638768208500243
DEMOCRITO ROCHA,poisson,2026-06-01,0,0.03431688298960277
DEMOCRITO ROCHA,poisson,2026-06-08,0,0.034044563301394014
DEMOCRITO ROCHA,poisson,2026-06-15,0,0.03377440459070203
DIAS MACEDO,poisson,2026-01-05,0,0.09929158889260262
DIAS MACEDO,poisson,2026-01-12,0,0.09703109814481706
DIAS MACEDO,poisson,2026-01-19,0,0.09482207014909153
DIAS MACEDO,poisson,2026-01-26,0,0.09266333329485771
DIAS MACEDO,poisson,2026-02-02,0,0.08367407623822731
DIAS MACEDO,poisson,2026-02-09,0,0.08176913668316993
DIAS MACEDO,poisson,2026-02-16,0,0.07990756533570514
DIAS MACEDO,poisson,2026-02-23,0,0.07808837486716699
DIAS MACEDO,poisson,2026-03-02,0,0.07051303249758237
DIAS MACEDO,poisson,2026-03-09,0,0.06890771970788079
DIAS MACEDO,poisson,2026-03-16,0,0.06733895376720127
DIAS MACEDO,poisson,2026-03-23,0,0.06580590264319354
DIAS MACEDO,poisson,2026-03-30,0,0.06430775324571021
DIAS MACEDO,poisson,2026-04-06,0,0.05806926706023509
DIAS MACEDO,poisson,2026-04-13,0,0.05674725134486235
DIAS MACEDO,poisson,2026-04-20,0,0.055455332884718954
DIAS MACEDO,poisson,2026-04-27,0,0.05419282648010431
DIAS MACEDO,poisson,2026-05-04,0,0.04893558793133673
DIAS MACEDO,poisson,2026-05-11,0,0.04782151125082473
DIAS MACEDO,poisson,2026-05-18,0,0.046732797846867236
DIAS MACEDO,poisson,2026-05-25,0,0.04566887029440114
DIAS MACEDO,poisson,2026-06-01,0,0.0412385395479778
DIAS MACEDO,poisson,2026-06-08,0,0.04029969530004033
DIAS MACEDO,poisson,2026-06-15,0,0.039382224954562686
DOM LUSTOSA,poisson,2026-01-05,0,0.06690566715946056
DOM LUSTOSA,poisson,2026-01-12,0,0.06715091959962408
DOM LUSTOSA,poisson,2026-01-19,0,0.06739707104822674
DOM LUSTOSA,poisson,2026-01-26,0,0.06764412480071465
DOM LUSTOSA,poisson,2026-02-02,0,0.06512391497356482
DOM LUSTOSA,poisson,2026-02-09,0,0.06536263614231423
DOM LUSTOSA,poisson,2026-02-16,0,0.06560223237817893
DOM LUSTOSA,poisson,2026-02-23,0,0.06584270688884446
DOM LUSTOSA,poisson,2026-03-02,0,0.06338961229361863
DOM LUSTOSA,poisson,2026-03-09,0,0.06362197612400951
DOM LUSTOSA,poisson,2026-03-16,0,0.06385519171776854
DOM LUSTOSA,poisson,2026-03-23,1,0.06408926219715805
DOM LUSTOSA,poisson,2026-03-30,0,0.06194976468919866
DOM LUSTOSA,poisson,2026-04-06,0,0.0596458937455507
DOM LUSTOSA,poisson,2026-04-13,0,0.05989722165048789
DOM LUSTOSA,poisson,2026-04-20,0,0.0620662187424146
DOM LUSTOSA,poisson,2026-04-27,0,0.06261118532213723
DOM LUSTOSA,poisson,2026-05-04,0,0.060278487175724337
DOM LUSTOSA,poisson,2026-05-11,0,0.0604994467251445
DOM LUSTOSA,poisson,2026-05-18,0,0.06072121623388463
DOM LUSTOSA,poisson,2026-05-25,0,0.060943798670968226
DOM LUSTOSA,poisson,2026-06-01,0,0.0586732221683243
DOM LUSTOSA,poisson,2026-06-08,0,0.05888829738571568
DOM LUSTOSA,poisson,2026-06-15,0,0.05910416099255334
EDSON QUEIROZ,poisson,2026-01-05,0,0.1218116068334533
EDSON QUEIROZ,poisson,2026-01-12,0,0.12466548983737877
EDSON QUEIROZ,poisson,2026-01-19,0,0.12870521699741697
EDSON QUEIROZ,poisson,2026-01-26,0,0.13287584963537719
EDSON QUEIROZ,poisson,2026-02-02,0,0.1277494274468468
EDSON QUEIROZ,poisson,2026-02-09,0,0.13188908816938963
EDSON QUEIROZ,poisson,2026-02-16,0,0.13616289267042322
EDSON QUEIROZ,poisson,2026-02-23,0,0.14057518781663894
EDSON QUEIROZ,poisson,2026-03-02,0,0.13515172099435668
EDSON QUEIROZ,poisson,2026-03-09,0,0.1395312495931614
EDSON QUEIROZ,poisson,2026-03-16,0,0.14405269477731655
EDSON QUEIROZ,poisson,2026-03-23,0,0.14872065528770098
EDSON QUEIROZ,poisson,2026-03-30,0,0.15353987888525078
EDSON QUEIROZ,poisson,2026-04-06,0,0.14761622726532506
EDSON QUEIROZ,poisson,2026-04-13,0,0.1523996623869773
EDSON QUEIROZ,poisson,2026-04-20,0,0.15733810249681374
EDSON QUEIROZ,poisson,2026-04-27,0,0.16243657045931376
EDSON QUEIROZ,poisson,2026-05-04,0,0.1561696796637595
EDSON QUEIROZ,poisson,2026-05-11,0,0.1612302854283148
EDSON QUEIROZ,poisson,2026-05-18,0,0.1664548777667005
EDSON QUEIROZ,poisson,2026-05-25,0,0.17184877058749745
EDSON QUEIROZ,poisson,2026-06-01,0,0.1652187520173144
EDSON QUEIROZ,poisson,2026-06-08,0,0.17057258875868203
EDSON QUEIROZ,poisson,2026-06-15,0,0.17609991408716977
ENGENHEIRO LUCIANO CAVALCANTE,poisson,2026-01-05,0,0.051599303221868544
ENGENHEIRO LUCIANO CAVALCANTE,poisson,2026-01-12,0,0.052345276478851704
ENGENHEIRO LUCIANO CAVALCANTE,poisson,2026-01-19,0,0.053102034302008966
ENGENHEIRO LUCIANO CAVALCANTE,poisson,2026-01-26,0,0.053869732604258765
ENGENHEIRO LUCIANO CAVALCANTE,poisson,2026-02-02,0,0.05062913867566391
ENGENHEIRO LUCIANO CAVALCANTE,poisson,2026-02-09,0,0.05136108622374883
ENGENHEIRO LUCIANO CAVALCANTE,poisson,2026-02-16,0,0.05210361556775525
ENGENHEIRO LUCIANO CAVALCANTE,poisson,2026-02-23,0,0.052856879689143696
ENGENHEIRO LUCIANO CAVALCANTE,poisson,2026-03-02,0,0.049677215058850595
ENGENHEIRO LUCIANO CAVALCANTE,poisson,2026-03-09,0,0.05039540060790659
ENGENHEIRO LUCIANO CAVALCANTE,poisson,2026-03-16,0,0.05112396899509594
ENGENHEIRO LUCIANO CAVALCANTE,poisson,2026-03-23,0,0.051863070325538226
ENGENHEIRO LUCIANO CAVALCANTE,poisson,2026-03-30,0,0.0526128568744289
ENGENHEIRO LUCIANO CAVALCANTE,poisson,2026-04-06,0,0.049447871709089014
ENGENHEIRO LUCIANO CAVALCANTE,poisson,2026-04-13,0,0.05016274163186892
ENGENHEIRO LUCIANO CAVALCANTE,poisson,2026-04-20,0,0.05088794645863625
ENGENHEIRO LUCIANO CAVALCANTE,poisson,2026-04-27,0,0.051623635601524616
ENGENHEIRO LUCIANO CAVALCANTE,poisson,2026-05-04,0,0.04851815814665661
ENGENHEIRO LUCIANO CAVALCANTE,poisson,2026-05-11,1,0.04921958716208071
ENGENHEIRO LUCIANO CAVALCANTE,poisson,2026-05-18,0,0.05114560985478206
ENGENHEIRO LUCIANO CAVALCANTE,poisson,2026-05-25,0,0.05207690978511363
ENGENHEIRO LUCIANO CAVALCANTE,poisson,2026-06-01,0,0.04649256638034183
ENGENHEIRO LUCIANO CAVALCANTE,poisson,2026-06-08,0,0.04830285204371505
ENGENHEIRO LUCIANO CAVALCANTE,poisson,2026-06-15,0,0.04899235652968192
FARIAS BRITO,poisson,2026-01-05,0,0.0683366355205172
FARIAS BRITO,poisson,2026-01-12,0,0.06789591699357947
FARIAS BRITO,poisson,2026-01-19,0,0.06745804076080074
FARIAS BRITO,poisson,2026-01-26,0,0.06702298849157859
FARIAS BRITO,poisson,2026-02-02,0,0.0640303197615038
FARIAS BRITO,poisson,2026-02-09,0,0.06361737364570956
FARIAS BRITO,poisson,2026-02-16,0,0.0632070907134694
FARIAS BRITO,poisson,2026-02-23,0,0.062799453789306
FARIAS BRITO,poisson,2026-03-02,0,0.05999537169970103
FARIAS BRITO,poisson,2026-03-09,0,0.059608447882963884
FARIAS BRITO,poisson,2026-03-16,1,0.059224019426047256
FARIAS BRITO,poisson,2026-03-23,0,0.06041015522891825
FARIAS BRITO,poisson,2026-03-30,0,0.06010991790102079
FARIAS BRITO,poisson,2026-04-06,0,0.057418938069474006
FARIAS BRITO,poisson,2026-04-13,0,0.05566083382406669
FARIAS BRITO,poisson,2026-04-20,0,0.05513406599446081
FARIAS BRITO,poisson,2026-04-27,0,0.05477849384543584
FARIAS BRITO,poisson,2026-05-04,0,0.052332558662577966
FARIAS BRITO,poisson,2026-05-11,0,0.051995054072412276
FARIAS BRITO,poisson,2026-05-18,0,0.051659726126219156
FARIAS BRITO,poisson,2026-05-25,0,0.05132656078632591
FARIAS BRITO,poisson,2026-06-01,0,0.049034759168037546
FARIAS BRITO,poisson,2026-06-08,0,0.04871852283792446
FARIAS BRITO,poisson,2026-06-15,0,0.048404325987930784
FATIMA,poisson,2026-01-05,0,0.08952657247733643
FATIMA,poisson,2026-01-12,0,0.08822629749155372
FATIMA,poisson,2026-01-19,0,0.08694490756963387
FATIMA,poisson,2026-01-26,0,0.08568212842679777
FATIMA,poisson,2026-02-02,0,0.08272466455384955
FATIMA,poisson,2026-02-09,0,0.08152317979854004
FATIMA,poisson,2026-02-16,0,0.08033914528766516
FATIMA,poisson,2026-02-23,0,0.07917230757561988
FATIMA,poisson,2026-03-02,0,0.07643954120190773
FATIMA,poisson,2026-03-09,0,0.07532934094963392
FATIMA,poisson,2026-03-16,0,0.07423526513480143
FATIMA,poisson,2026-03-23,0,0.07315707956769327
FATIMA,poisson,2026-03-30,0,0.07209455345994055
FATIMA,poisson,2026-04-06,0,0.06960608776459698
FATIMA,poisson,2026-04-13,0,0.0685951359066845
FATIMA,poisson,2026-04-20,0,0.06759886701245865
FATIMA,poisson,2026-04-27,0,0.06661706782802322
FATIMA,poisson,2026-05-04,0,0.06431766683226667
FATIMA,poisson,2026-05-11,0,0.0633835234711202
FATIMA,poisson,2026-05-18,0,0.0624629475147344
FATIMA,poisson,2026-05-25,0,0.061555741911479264
FATIMA,poisson,2026-06-01,0,0.05943104115744446
FATIMA,poisson,2026-06-08,0,0.058567870658924506
FATIMA,poisson,2026-06-15,0,0.05771723676240587
FLORESTA,poisson,2026-01-05,0,0.12598645272836775
FLORESTA,poisson,2026-01-12,0,0.12732781004033966
FLORESTA,poisson,2026-01-19,1,0.12868344856588187
FLORESTA,poisson,2026-01-26,0,0.1097216962382835
FLORESTA,poisson,2026-02-02,0,0.1161664983339815
FLORESTA,poisson,2026-02-09,0,0.11842335831740902
FLORESTA,poisson,2026-02-16,0,0.1243748618095949
FLORESTA,poisson,2026-02-23,0,0.12830696134550268
FLORESTA,poisson,2026-03-02,0,0.12262529438685377
FLORESTA,poisson,2026-03-09,0,0.12393086599154962
FLORESTA,poisson,2026-03-16,0,0.12525033780519917
FLORESTA,poisson,2026-03-23,0,0.1265838578210709
FLORESTA,poisson,2026-03-30,0,0.12793157560809343
FLORESTA,poisson,2026-04-06,0,0.1222665314165853
FLORESTA,poisson,2026-04-13,0,0.1235682833301714
FLORESTA,poisson,2026-04-20,0,0.12488389478508
FLORESTA,poisson,2026-04-27,0,0.12621351334159783
FLORESTA,poisson,2026-05-04,0,0.12062454809007928
FLORESTA,poisson,2026-05-11,0,0.12190881807371619
FLORESTA,poisson,2026-05-18,0,0.1232067614714051
FLORESTA,poisson,2026-05-25,0,0.12451852386176593
FLORESTA,poisson,2026-06-01,0,0.11900461584503673
FLORESTA,poisson,2026-06-08,0,0.12027163867300938
FLORESTA,poisson,2026-06-15,0,0.1215521512873673
GENIBAU,poisson,2026-01-05,0,0.11902344986111293
GENIBAU,poisson,2026-01-12,0,0.120991351062762
GENIBAU,poisson,2026-01-19,0,0.12299178900522953
GENIBAU,poisson,2026-01-26,0,0.12502530164209888
GENIBAU,poisson,2026-02-02,0,0.11585037180757334
GENIBAU,poisson,2026-02-09,0,0.1177658102036007
GENIBAU,poisson,2026-02-16,0,0.11971291793475174
GENIBAU,poisson,2026-02-23,0,0.121692218613161
GENIBAU,poisson,2026-03-02,0,0.11276188569239218
GENIBAU,poisson,2026-03-09,0,0.11462625990279533
GENIBAU,poisson,2026-03-16,0,0.11652145916702827
GENIBAU,poisson,2026-03-23,0,0.11844799313810933
GENIBAU,poisson,2026-03-30,0,0.12040637989552057
GENIBAU,poisson,2026-04-06,0,0.11157040771500125
GENIBAU,poisson,2026-04-13,0,0.11341508235404951
GENIBAU,poisson,2026-04-20,0,0.11529025633959687
GENIBAU,poisson,2026-04-27,0,0.11719643393950567
GENIBAU,poisson,2026-05-04,0,0.10859602230978875
GENIBAU,poisson,2026-05-11,0,0.110391519273178
GENIBAU,poisson,2026-05-18,0,0.11221670249281285
GENIBAU,poisson,2026-05-25,0,0.11407206279314347
GENIBAU,poisson,2026-06-01,0,0.10570093184236429
GENIBAU,poisson,2026-06-08,0,0.10744856217093178
GENIBAU,poisson,2026-06-15,0,0.10922508734188235
GRANJA LISBOA,poisson,2026-01-05,0,0.43431557290022305
GRANJA LISBOA,poisson,2026-01-12,1,0.4406788363968244
GRANJA LISBOA,poisson,2026-01-19,0,0.49340088307298896
GRANJA LISBOA,poisson,2026-01-26,0,0.541057738725425
GRANJA LISBOA,poisson,2026-02-02,0,0.43871011376379404
GRANJA LISBOA,poisson,2026-02-09,0,0.439848045564931
GRANJA LISBOA,poisson,2026-02-16,0,0.4380247708155724
GRANJA LISBOA,poisson,2026-02-23,0,0.4444423786764314
GRANJA LISBOA,poisson,2026-03-02,1,0.4167971795186416
GRANJA LISBOA,poisson,2026-03-09,0,0.4666620664570466
GRANJA LISBOA,poisson,2026-03-16,0,0.5117362596791958
GRANJA LISBOA,poisson,2026-03-23,0,0.44893938572951475
GRANJA LISBOA,poisson,2026-03-30,0,0.45010385034470624
GRANJA LISBOA,poisson,2026-04-06,0,0.41428694540445504
GRANJA LISBOA,poisson,2026-04-13,0,0.4203567645896315
GRANJA LISBOA,poisson,2026-04-20,0,0.42651551417763484
GRANJA LISBOA,poisson,2026-04-27,0,0.4327644971095092
GRANJA LISBOA,poisson,2026-05-04,0,0.4058456853916842
GRANJA LISBOA,poisson,2026-05-11,0,0.411791829615482
GRANJA LISBOA,poisson,2026-05-18,0,0.41782509225005227
GRANJA LISBOA,poisson,2026-05-25,0,0.4239467496885012
GRANJA LISBOA,poisson,2026-06-01,0,0.3975764193830537
GRANJA LISBOA,poisson,2026-06-08,0,0.4034014085716198
GRANJA LISBOA,poisson,2026-06-15,0,0.40931174109895724
GRANJA PORTUGAL,poisson,2026-01-05,0,0.308525708063188
GRANJA PORTUGAL,poisson,2026-01-12,0,0.3154554900376822
GRANJA PORTUGAL,poisson,2026-01-19,1,0.3225409215316782
GRANJA PORTUGAL,poisson,2026-01-26,0,0.30851895378268007
GRANJA PORTUGAL,poisson,2026-02-02,0,0.24535043993909883
GRANJA PORTUGAL,poisson,2026-02-09,0,0.4079237305665252
GRANJA PORTUGAL,poisson,2026-02-16,0,0.31100496210934003
GRANJA PORTUGAL,poisson,2026-02-23,0,0.3146980103065389
GRANJA PORTUGAL,poisson,2026-03-02,0,0.28094172339620177
GRANJA PORTUGAL,poisson,2026-03-09,1,0.28725194273868704
GRANJA PORTUGAL,poisson,2026-03-16,0,0.27476410876775526
GRANJA PORTUGAL,poisson,2026-03-23,0,0.2502588706833306
GRANJA PORTUGAL,poisson,2026-03-30,0,0.41608456932805926
GRANJA PORTUGAL,poisson,2026-04-06,0,0.2769781246455127
GRANJA PORTUGAL,poisson,2026-04-13,0,0.2802671189977185
GRANJA PORTUGAL,poisson,2026-04-20,0,0.28656218608132117
GRANJA PORTUGAL,poisson,2026-04-27,0,0.29299864638196904
GRANJA PORTUGAL,poisson,2026-05-04,0,0.26156995586697
GRANJA PORTUGAL,poisson,2026-05-11,0,0.26744506681514724
GRANJA PORTUGAL,poisson,2026-05-18,0,0.2734521383646059
GRANJA PORTUGAL,poisson,2026-05-25,0,0.2795941344764431
GRANJA PORTUGAL,poisson,2026-06-01,0,0.24960328765589654
GRANJA PORTUGAL,poisson,2026-06-08,0,0.2552096158106254
GRANJA PORTUGAL,poisson,2026-06-15,0,0.26094186744846887
GUAJERU,poisson,2026-01-05,0,0.14088200504454923
GUAJERU,poisson,2026-01-12,0,0.1392476367522424
GUAJERU,poisson,2026-01-19,0,0.1376322287218516
GUAJERU,poisson,2026-01-26,0,0.1360355609958962
GUAJERU,poisson,2026-02-02,0,0.1254776871534115
GUAJERU,poisson,2026-02-09,0,0.12402202393218835
GUAJERU,poisson,2026-02-16,0,0.12258324782023287
GUAJERU,poisson,2026-02-23,0,0.12116116291065178
GUAJERU,poisson,2026-03-02,1,0.11175770793715419
GUAJERU,poisson,2026-03-09,0,0.0989754979637269
GUAJERU,poisson,2026-03-16,0,0.1105433697320677
GUAJERU,poisson,2026-03-23,0,0.10538285256456284
GUAJERU,poisson,2026-03-30,0,0.10563376276248654
GUAJERU,poisson,2026-04-06,0,0.09838316202275338
GUAJERU,poisson,2026-04-13,0,0.0972418216474796
GUAJERU,poisson,2026-04-20,0,0.09611372193072343
GUAJERU,poisson,2026-04-27,0,0.09499870926796712
GUAJERU,poisson,2026-05-04,0,0.08762575193014033
GUAJERU,poisson,2026-05-11,0,0.08660920797551049
GUAJERU,poisson,2026-05-18,0,0.08560445691953125
GUAJERU,poisson,2026-05-25,0,0.08461136195310753
GUAJERU,poisson,2026-06-01,0,0.07804457839591203
GUAJERU,poisson,2026-06-08,0,0.07713918537374143
GUAJERU,poisson,2026-06-15,0,0.07624429579129013
HENRIQUE JORGE,poisson,2026-01-05,0,0.12013517999183443
HENRIQUE JORGE,poisson,2026-01-12,0,0.11996921488384564
HENRIQUE JORGE,poisson,2026-01-19,0,0.11980347905438352
HENRIQUE JORGE,poisson,2026-01-26,0,0.11963797218670293
HENRIQUE JORGE,poisson,2026-02-02,0,0.11308764284450337
HENRIQUE JORGE,poisson,2026-02-09,0,0.11293141381268969
HENRIQUE JORGE,poisson,2026-02-16,0,0.11277540060914662
HENRIQUE JORGE,poisson,2026-02-23,0,0.11261960293571029
HENRIQUE JORGE,poisson,2026-03-02,0,0.10645353813092225
HENRIQUE JORGE,poisson,2026-03-09,0,0.10630647402403125
HENRIQUE JORGE,poisson,2026-03-16,0,0.10615961308419239
HENRIQUE JORGE,poisson,2026-03-23,0,0.10601295503073324
HENRIQUE JORGE,poisson,2026-03-30,0,0.10586649958336902
HENRIQUE JORGE,poisson,2026-04-06,0,0.10007017567464623
HENRIQUE JORGE,poisson,2026-04-13,0,0.09993193009567902
HENRIQUE JORGE,poisson,2026-04-20,0,0.09979387550108829
HENRIQUE JORGE,poisson,2026-04-27,0,0.09965601162703171
HENRIQUE JORGE,poisson,2026-05-04,0,0.09419971973946595
HENRIQUE JORGE,poisson,2026-05-11,0,0.09406958411507901
HENRIQUE JORGE,poisson,2026-05-18,0,0.0939396282712772
HENRIQUE JORGE,poisson,2026-05-25,0,0.09380985195969613
HENRIQUE JORGE,poisson,2026-06-01,0,0.08867364466156466
HENRIQUE JORGE,poisson,2026-06-08,0,0.08855114323431398
HENRIQUE JORGE,poisson,2026-06-15,0,0.08842881104110953
ITAOCA,poisson,2026-01-05,0,0.08833045342271341
ITAOCA,poisson,2026-01-12,0,0.08659615129986481
ITAOCA,poisson,2026-01-19,0,0.08489590089685652
ITAOCA,poisson,2026-01-26,0,0.08322903363373993
ITAOCA,poisson,2026-02-02,0,0.07434270261565719
ITAOCA,poisson,2026-02-09,0,0.07288303947606459
ITAOCA,poisson,2026-02-16,0,0.07145203572611107
ITAOCA,poisson,2026-02-23,0,0.07004912866020233
ITAOCA,poisson,2026-03-02,0,0.06257001088572321
ITAOCA,poisson,2026-03-09,0,0.06134149570776461
ITAOCA,poisson,2026-03-16,0,0.06013710150279465
ITAOCA,poisson,2026-03-23,0,0.058956354673621925
ITAOCA,poisson,2026-03-30,0,0.05779879092178017
ITAOCA,poisson,2026-04-06,0,0.05162763686469786
ITAOCA,poisson,2026-04-13,0,0.05061396698367044
ITAOCA,poisson,2026-04-20,0,0.04962019974956046
ITAOCA,poisson,2026-04-27,0,0.04864594438884128
ITAOCA,poisson,2026-05-04,0,0.04345203613767969
ITAOCA,poisson,2026-05-11,0,0.04259888803761237
ITAOCA,poisson,2026-05-18,0,0.04176249085983424
ITAOCA,poisson,2026-05-25,0,0.04094251571256491
ITAOCA,poisson,2026-06-01,0,0.036571099495767534
ITAOCA,poisson,2026-06-08,0,0.03585305341955313
ITAOCA,poisson,2026-06-15,0,0.03514910563884191
ITAPERI,poisson,2026-01-05,0,0.1045499626727423
ITAPERI,poisson,2026-01-12,0,0.10127749215332203
ITAPERI,poisson,2026-01-19,0,0.09810745173551728
ITAPERI,poisson,2026-01-26,0,0.09503663530160922
ITAPERI,poisson,2026-02-02,0,0.08988752917481417
ITAPERI,poisson,2026-02-09,0,0.08707400077395895
ITAPERI,poisson,2026-02-16,0,0.0843485373375664
ITAPERI,poisson,2026-02-23,0,0.08170838238449941
ITAPERI,poisson,2026-03-02,0,0.07728140397757963
ITAPERI,poisson,2026-03-09,0,0.07486245413053222
ITAPERI,poisson,2026-03-16,0,0.0725192187252699
ITAPERI,poisson,2026-03-23,0,0.07024932785871188
ITAPERI,poisson,2026-03-30,0,0.06805048580702874
ITAPERI,poisson,2026-04-06,0,0.06436349528712744
ITAPERI,poisson,2026-04-13,1,0.062348882986276874
ITAPERI,poisson,2026-04-20,0,0.0586387856855414
ITAPERI,poisson,2026-04-27,0,0.056969222175675883
ITAPERI,poisson,2026-05-04,0,0.05388023939934501
ITAPERI,poisson,2026-05-11,0,0.053579431732459715
ITAPERI,poisson,2026-05-18,0,0.05192700740024232
ITAPERI,poisson,2026-05-25,0,0.050301663913407034
ITAPERI,poisson,2026-06-01,0,0.047576308527849484
ITAPERI,poisson,2026-06-08,0,0.04608714427470122
ITAPERI,poisson,2026-06-15,0,0.04464459167011237
JACARECANGA,poisson,2026-01-05,0,0.15437388138880004
JACARECANGA,poisson,2026-01-12,0,0.15063723745768748
JACARECANGA,poisson,2026-01-19,0,0.14713904295408942
JACARECANGA,poisson,2026-01-26,0,0.14842179003993258
JACARECANGA,poisson,2026-02-02,0,0.14102412022891472
JACARECANGA,poisson,2026-02-09,0,0.14225355787935312
JACARECANGA,poisson,2026-02-16,0,0.14349371367455901
JACARECANGA,poisson,2026-02-23,1,0.14474468105451052
JACARECANGA,poisson,2026-03-02,0,0.16080443422967675
JACARECANGA,poisson,2026-03-09,0,0.2074499024733478
JACARECANGA,poisson,2026-03-16,0,0.14939057440507275
JACARECANGA,poisson,2026-03-23,0,0.14577455219850385
JACARECANGA,poisson,2026-03-30,0,0.14238928208952095
JACARECANGA,poisson,2026-04-06,0,0.13529228579778535
JACARECANGA,poisson,2026-04-13,0,0.13647175374769122
JACARECANGA,poisson,2026-04-20,0,0.13766150421028175
JACARECANGA,poisson,2026-04-27,0,0.13886162682772749
JACARECANGA,poisson,2026-05-04,0,0.13194045666520668
JACARECANGA,poisson,2026-05-11,0,0.1330907036213794
JACARECANGA,poisson,2026-05-18,0,0.13425097834381594
JACARECANGA,poisson,2026-05-25,0,0.1354213682538268
JACARECANGA,poisson,2026-06-01,0,0.12867166817657716
JACARECANGA,poisson,2026-06-08,0,0.12979341808109146
JACARECANGA,poisson,2026-06-15,0,0.13092494731672127
JANGURURSSU,poisson,2026-01-05,0,0.8741901790193475
JANGURURSSU,poisson,2026-01-12,0,0.8323626274510261
JANGURURSSU,poisson,2026-01-19,0,0.8309102716776173
JANGURURSSU,poisson,2026-01-26,1,0.8123917351451498
JANGURURSSU,poisson,2026-02-02,0,0.8341388858509473
JANGURURSSU,poisson,2026-02-09,1,0.7910291094388482
JANGURURSSU,poisson,2026-02-16,0,0.8408949442288304
JANGURURSSU,poisson,2026-02-23,0,0.7966726889649006
JANGURURSSU,poisson,2026-03-02,0,0.771993317967235
JANGURURSSU,poisson,2026-03-09,0,0.7675426996197598
JANGURURSSU,poisson,2026-03-16,0,0.7511554527321004
JANGURURSSU,poisson,2026-03-23,0,0.7475405200712627
JANGURURSSU,poisson,2026-03-30,0,0.7439429842596323
JANGURURSSU,poisson,2026-04-06,0,0.7301268986651066
JANGURURSSU,poisson,2026-04-13,0,0.7266131658379791
JANGURURSSU,poisson,2026-04-20,0,0.7231163428362574
JANGURURSSU,poisson,2026-04-27,0,0.719636348281473
JANGURURSSU,poisson,2026-05-04,0,0.7062716716931408
JANGURURSSU,poisson,2026-05-11,1,0.702872742051957
JANGURURSSU,poisson,2026-05-18,0,0.7441721721984104
JANGURURSSU,poisson,2026-05-25,0,0.7057120350440897
JANGURURSSU,poisson,2026-06-01,0,0.6954065408026732
JANGURURSSU,poisson,2026-06-08,1,0.6913974528514975
JANGURURSSU,poisson,2026-06-15,0,0.7198580480283918
JARDIM DAS OLIVEIRAS,poisson,2026-01-05,0,0.2502175177584814
JARDIM DAS OLIVEIRAS,poisson,2026-01-12,0,0.2506003463783746
JARDIM DAS OLIVEIRAS,poisson,2026-01-19,0,0.25098376071965744
JARDIM DAS OLIVEIRAS,poisson,2026-01-26,0,0.25136776167847386
JARDIM DAS OLIVEIRAS,poisson,2026-02-02,0,0.24501969783952104
JARDIM DAS OLIVEIRAS,poisson,2026-02-09,0,0.24539457388181754
JARDIM DAS OLIVEIRAS,poisson,2026-02-16,0,0.24577002347819288
JARDIM DAS OLIVEIRAS,poisson,2026-02-23,0,0.2461460475061752
JARDIM DAS OLIVEIRAS,poisson,2026-03-02,0,0.2399298533019488
JARDIM DAS OLIVEIRAS,poisson,2026-03-09,0,0.2402969419671773
JARDIM DAS OLIVEIRAS,poisson,2026-03-16,0,0.24066459227192794
JARDIM DAS OLIVEIRAS,poisson,2026-03-23,0,0.24103280507549973
JARDIM DAS OLIVEIRAS,poisson,2026-03-30,0,0.24140158123850647
JARDIM DAS OLIVEIRAS,poisson,2026-04-06,0,0.2353052042079216
JARDIM DAS OLIVEIRAS,poisson,2026-04-13,0,0.23566521723733527
JARDIM DAS OLIVEIRAS,poisson,2026-04-20,0,0.23602578108066655
JARDIM DAS OLIVEIRAS,poisson,2026-04-27,0,0.23638689658065143
JARDIM DAS OLIVEIRAS,poisson,2026-05-04,0,0.2304171608429981
JARDIM DAS OLIVEIRAS,poisson,2026-05-11,0,0.230769695247765
JARDIM DAS OLIVEIRAS,poisson,2026-05-18,0,0.23112276902427875
JARDIM DAS OLIVEIRAS,poisson,2026-05-25,0,0.23147638299776907
JARDIM DAS OLIVEIRAS,poisson,2026-06-01,0,0.22563065780744304
JARDIM DAS OLIVEIRAS,poisson,2026-06-08,0,0.22597586894256985
JARDIM DAS OLIVEIRAS,poisson,2026-06-15,0,0.22632160824496336
JARDIM GUANABARA,poisson,2026-01-05,0,0.022418095091274733
JARDIM GUANABARA,poisson,2026-01-12,0,0.022910911379703972
JARDIM GUANABARA,poisson,2026-01-19,0,0.023414561233302447
JARDIM GUANABARA,poisson,2026-01-26,0,0.023929282805996925
JARDIM GUANABARA,poisson,2026-02-02,0,0.024285846533947508
JARDIM GUANABARA,poisson,2026-02-09,0,0.024819721544357305
JARDIM GUANABARA,poisson,2026-02-16,0,0.02536533271254698
JARDIM GUANABARA,poisson,2026-02-23,0,0.025922938034108643
JARDIM GUANABARA,poisson,2026-03-02,0,0.026309208675807817
JARDIM GUANABARA,poisson,2026-03-09,0,0.026887563193367544
JARDIM GUANABARA,poisson,2026-03-16,0,0.02747863166033195
JARDIM GUANABARA,poisson,2026-03-23,0,0.028082693567056123
JARDIM GUANABARA,poisson,2026-03-30,0,0.028700034547922915
JARDIM GUANABARA,poisson,2026-04-06,0,0.029127685948664144
JARDIM GUANABARA,poisson,2026-04-13,0,0.029767998964614375
JARDIM GUANABARA,poisson,2026-04-20,0,0.030422387961715952
JARDIM GUANABARA,poisson,2026-04-27,0,0.03109116237182551
JARDIM GUANABARA,poisson,2026-05-04,0,0.03155444331724677
JARDIM GUANABARA,poisson,2026-05-11,0,0.03224810366509268
JARDIM GUANABARA,poisson,2026-05-18,0,0.03295701272683085
JARDIM GUANABARA,poisson,2026-05-25,0,0.033681505714465355
JARDIM GUANABARA,poisson,2026-06-01,0,0.034183384660771615
JARDIM GUANABARA,poisson,2026-06-08,0,0.03493483694455765
JARDIM GUANABARA,poisson,2026-06-15,0,0.035702808380569565
JARDIM IRACEMA,poisson,2026-01-05,0,0.0749924829974428
JARDIM IRACEMA,poisson,2026-01-12,0,0.07559234818353198
JARDIM IRACEMA,poisson,2026-01-19,0,0.07619701169376111
JARDIM IRACEMA,poisson,2026-01-26,0,0.07680651190994511
JARDIM IRACEMA,poisson,2026-02-02,0,0.07772873523556117
JARDIM IRACEMA,poisson,2026-02-09,0,0.07835048771478159
JARDIM IRACEMA,poisson,2026-02-16,0,0.07897721359469155
JARDIM IRACEMA,poisson,2026-02-23,0,0.07960895265754404
JARDIM IRACEMA,poisson,2026-03-02,0,0.08056482516422334
JARDIM IRACEMA,poisson,2026-03-09,0,0.08120926353868049
JARDIM IRACEMA,poisson,2026-03-16,0,0.08185885677839834
JARDIM IRACEMA,poisson,2026-03-23,0,0.08251364611716573
JARDIM IRACEMA,poisson,2026-03-30,0,0.08317367311860076
JARDIM IRACEMA,poisson,2026-04-06,0,0.0841723475736662
JARDIM IRACEMA,poisson,2026-04-13,0,0.08484564253501001
JARDIM IRACEMA,poisson,2026-04-20,0,0.08552432318557407
JARDIM IRACEMA,poisson,2026-04-27,0,0.08620843260550905
JARDIM IRACEMA,poisson,2026-05-04,0,0.08724354571553829
JARDIM IRACEMA,poisson,2026-05-11,0,0.08794140720370261
JARDIM IRACEMA,poisson,2026-05-18,0,0.08864485088883824
JARDIM IRACEMA,poisson,2026-05-25,0,0.08935392142296221
JARDIM IRACEMA,poisson,2026-06-01,0,0.09042680272589311
JARDIM IRACEMA,poisson,2026-06-08,0,0.09115012710023696
JARDIM IRACEMA,poisson,2026-06-15,0,0.0918792373492855
JOAO XXIII,poisson,2026-01-05,0,0.019572068319583476
JOAO XXIII,poisson,2026-01-12,0,0.020225430877659836
JOAO XXIII,poisson,2026-01-19,0,0.020900604244145696
JOAO XXIII,poisson,2026-01-26,0,0.021598316516109987
JOAO XXIII,poisson,2026-02-02,0,0.021540216755449308
JOAO XXIII,poisson,2026-02-09,0,0.02225928082630062
JOAO XXIII,poisson,2026-02-16,0,0.023002348979555543
JOAO XXIII,poisson,2026-02-23,0,0.02377022252902655
JOAO XXIII,poisson,2026-03-02,0,0.023706280312106198
JOAO XXIII,poisson,2026-03-09,0,0.0244976527769006
JOAO XXIII,poisson,2026-03-16,0,0.025315443151623904
JOAO XXIII,poisson,2026-03-23,0,0.026160533329437758
JOAO XXIII,poisson,2026-03-30,0,0.027033834643211598
JOAO XXIII,poisson,2026-04-06,0,0.026961113265999658
JOAO XXIII,poisson,2026-04-13,0,0.02786113985718187
JOAO XXIII,poisson,2026-04-20,0,0.028791211493494194
JOAO XXIII,poisson,2026-04-27,0,0.02975233115056616
JOAO XXIII,poisson,2026-05-04,0,0.02967229698134488
JOAO XXIII,poisson,2026-05-11,0,0.030662829384112716
JOAO XXIII,poisson,2026-05-18,1,0.03168642813295917
JOAO XXIII,poisson,2026-05-25,0,0.030712088766386446
JOAO XXIII,poisson,2026-06-01,0,0.03508711677946474
JOAO XXIII,poisson,2026-06-08,0,0.03306700715171973
JOAO XXIII,poisson,2026-06-15,0,0.034812837808727216
JOAQUIM TAVORA,poisson,2026-01-05,0,0.02930684708314523
JOAQUIM TAVORA,poisson,2026-01-12,0,0.029991979667269852
JOAQUIM TAVORA,poisson,2026-01-19,0,0.030693129213454504
JOAQUIM TAVORA,poisson,2026-01-26,0,0.03141067016466038
JOAQUIM TAVORA,poisson,2026-02-02,0,0.03153218726473936
JOAQUIM TAVORA,poisson,2026-02-09,0,0.03226934363241349
JOAQUIM TAVORA,poisson,2026-02-16,0,0.03302373316903466
JOAQUIM TAVORA,poisson,2026-02-23,0,0.033795758749928864
JOAQUIM TAVORA,poisson,2026-03-02,0,0.033926502938980904
JOAQUIM TAVORA,poisson,2026-03-09,0,0.034719633382626076
JOAQUIM TAVORA,poisson,2026-03-16,0,0.03553130555165236
JOAQUIM TAVORA,poisson,2026-03-23,0,0.03636195291268923
JOAQUIM TAVORA,poisson,2026-03-30,0,0.03721201906590625
JOAQUIM TAVORA,poisson,2026-04-06,0,0.037355979593372494
JOAQUIM TAVORA,poisson,2026-04-13,0,0.03822928400441006
JOAQUIM TAVORA,poisson,2026-04-20,0,0.03912300443994062
JOAQUIM TAVORA,poisson,2026-04-27,0,0.04003761818377359
JOAQUIM TAVORA,poisson,2026-05-04,0,0.04019250998424321
JOAQUIM TAVORA,poisson,2026-05-11,0,0.041132126523335075
JOAQUIM TAVORA,poisson,2026-05-18,0,0.04209370932531724
JOAQUIM TAVORA,poisson,2026-05-25,0,0.0430777719153197
JOAQUIM TAVORA,poisson,2026-06-01,0,0.04324442502693979
JOAQUIM TAVORA,poisson,2026-06-08,0,0.044255388935259043
JOAQUIM TAVORA,poisson,2026-06-15,0,0.045289987058238036
JOQUEI CLUBE,poisson,2026-01-05,0,0.06261638862560857
JOQUEI CLUBE,poisson,2026-01-12,0,0.06272116562333592
JOQUEI CLUBE,poisson,2026-01-19,0,0.06282611794607788
JOQUEI CLUBE,poisson,2026-01-26,0,0.06293124588720862
JOQUEI CLUBE,poisson,2026-02-02,0,0.06165884698437017
JOQUEI CLUBE,poisson,2026-02-09,0,0.06176202171245899
JOQUEI CLUBE,poisson,2026-02-16,0,0.06186536908445923
JOQUEI CLUBE,poisson,2026-02-23,0,0.06196888938925865
JOQUEI CLUBE,poisson,2026-03-02,0,0.06071594825076076
JOQUEI CLUBE,poisson,2026-03-09,0,0.060817545211421
JOQUEI CLUBE,poisson,2026-03-16,0,0.06091931217588934
JOQUEI CLUBE,poisson,2026-03-23,0,0.06102124942863588
JOQUEI CLUBE,poisson,2026-03-30,0,0.061123357254606665
JOQUEI CLUBE,poisson,2026-04-06,0,0.05988751182342043
JOQUEI CLUBE,poisson,2026-04-13,0,0.059987722548247364
JOQUEI CLUBE,poisson,2026-04-20,0,0.06008810095727197
JOQUEI CLUBE,poisson,2026-04-27,0,0.060188647331082895
JOQUEI CLUBE,poisson,2026-05-04,0,0.05897170068164485
JOQUEI CLUBE,poisson,2026-05-11,0,0.059070378965140904
JOQUEI CLUBE,poisson,2026-05-18,0,0.059169222368576205
JOQUEI CLUBE,poisson,2026-05-25,0,0.059268231168248565
JOQUEI CLUBE,poisson,2026-06-01,0,0.058069894296818816
JOQUEI CLUBE,poisson,2026-06-08,0,0.058167063573366255
JOQUEI CLUBE,poisson,2026-06-15,0,0.05826439544480764
JOSE BONIFACIO,poisson,2026-01-05,0,0.05581719685393356
JOSE BONIFACIO,poisson,2026-01-12,0,0.05581293337452031
JOSE BONIFACIO,poisson,2026-01-19,0,0.05580867022076401
JOSE BONIFACIO,poisson,2026-01-26,0,0.055804407392639734
JOSE BONIFACIO,poisson,2026-02-02,0,0.05324297015631907
JOSE BONIFACIO,poisson,2026-02-09,0,0.05323890330380844
JOSE BONIFACIO,poisson,2026-02-16,0,0.0532348367619358
JOSE BONIFACIO,poisson,2026-02-23,0,0.05323077053067743
JOSE BONIFACIO,poisson,2026-03-02,0,0.0507874639151985
JOSE BONIFACIO,poisson,2026-03-09,0,0.05078358462137765
JOSE BONIFACIO,poisson,2026-03-16,0,0.0507797056238685
JOSE BONIFACIO,poisson,2026-03-23,0,0.050775826922648426
JOSE BONIFACIO,poisson,2026-03-30,0,0.05077194851769481
JOSE BONIFACIO,poisson,2026-04-06,0,0.0484415024907573
JOSE BONIFACIO,poisson,2026-04-13,0,0.048437802388275324
JOSE BONIFACIO,poisson,2026-04-20,0,0.04843410256841793
JOSE BONIFACIO,poisson,2026-04-27,0,0.048430403031163485
JOSE BONIFACIO,poisson,2026-05-04,0,0.04620743456881223
JOSE BONIFACIO,poisson,2026-05-11,0,0.04620390511091883
JOSE BONIFACIO,poisson,2026-05-18,0,0.04620037592261567
JOSE BONIFACIO,poisson,2026-05-25,0,0.04619684700388215
JOSE BONIFACIO,poisson,2026-06-01,0,0.04407639936103236
JOSE BONIFACIO,poisson,2026-06-08,0,0.044073032677789954
JOSE BONIFACIO,poisson,2026-06-15,0,0.04406966625170461
JOSE DE ALENCAR,poisson,2026-01-05,0,0.2017934087008642
JOSE DE ALENCAR,poisson,2026-01-12,0,0.16738010176850127
JOSE DE ALENCAR,poisson,2026-01-19,0,0.16792632658130363
JOSE DE ALENCAR,poisson,2026-01-26,0,0.16945815894223554
JOSE DE ALENCAR,poisson,2026-02-02,1,0.16355518667032584
JOSE DE ALENCAR,poisson,2026-02-09,0,0.1500155743221721
JOSE DE ALENCAR,poisson,2026-02-16,0,0.19269219903903584
JOSE DE ALENCAR,poisson,2026-02-23,1,0.20447595900893098
JOSE DE ALENCAR,poisson,2026-03-02,1,0.14830449482823302
JOSE DE ALENCAR,poisson,2026-03-09,2,0.1721399586040945
JOSE DE ALENCAR,poisson,2026-03-16,0,0.19208814696502463
JOSE DE ALENCAR,poisson,2026-03-23,1,0.27304155883112763
JOSE DE ALENCAR,poisson,2026-03-30,0,0.22762648253659473
JOSE DE ALENCAR,poisson,2026-04-06,1,0.19003944731284847
JOSE DE ALENCAR,poisson,2026-04-13,0,0.18117269307960654
JOSE DE ALENCAR,poisson,2026-04-20,0,0.1923988247574097
JOSE DE ALENCAR,poisson,2026-04-27,0,0.20297932311496913
JOSE DE ALENCAR,poisson,2026-05-04,0,0.16197035275076244
JOSE DE ALENCAR,poisson,2026-05-11,0,0.16249892349887432
JOSE DE ALENCAR,poisson,2026-05-18,1,0.1639812468170805
JOSE DE ALENCAR,poisson,2026-05-25,0,0.1504063638710234
JOSE DE ALENCAR,poisson,2026-06-01,0,0.18477879794001423
JOSE DE ALENCAR,poisson,2026-06-08,0,0.19607862747805266
JOSE DE ALENCAR,poisson,2026-06-15,0,0.16358965820767843
LAGOA REDONDA,poisson,2026-01-05,0,0.15678124410540448
LAGOA REDONDA,poisson,2026-01-12,0,0.19188769321183338
LAGOA REDONDA,poisson,2026-01-19,2,0.1163278399929489
LAGOA REDONDA,poisson,2026-01-26,2,0.1466114985958425
LAGOA REDONDA,poisson,2026-02-02,0,0.18794486702186855
LAGOA REDONDA,poisson,2026-02-09,0,0.14222096570909562
LAGOA REDONDA,poisson,2026-02-16,0,0.1227093172185118
LAGOA REDONDA,poisson,2026-02-23,2,0.17262615671425396
LAGOA REDONDA,poisson,2026-03-02,0,0.17728517723327003
LAGOA REDONDA,poisson,2026-03-09,0,0.21698286612059456
LAGOA REDONDA,poisson,2026-03-16,0,0.1315412557668466
LAGOA REDONDA,poisson,2026-03-23,0,0.1835674865171552
LAGOA REDONDA,poisson,2026-03-30,0,0.1814460211605191
LAGOA REDONDA,poisson,2026-04-06,0,0.20467622492875284
LAGOA REDONDA,poisson,2026-04-13,0,0.2006891075945434
LAGOA REDONDA,poisson,2026-04-20,0,0.1967796597827335
LAGOA REDONDA,poisson,2026-04-27,0,0.19294636848174004
LAGOA REDONDA,poisson,2026-05-04,0,0.21764894078122463
LAGOA REDONDA,poisson,2026-05-11,0,0.2134091133910956
LAGOA REDONDA,poisson,2026-05-18,0,0.20925187834547124
LAGOA REDONDA,poisson,2026-05-25,0,0.20517562673560535
LAGOA REDONDA,poisson,2026-06-01,0,0.231443888706071
LAGOA REDONDA,poisson,2026-06-08,0,0.22693533408094035
LAGOA REDONDA,poisson,2026-06-15,1,0.22251460663898323
MANOEL SATIRO,poisson,2026-01-05,0,0.1284115843416009
MANOEL SATIRO,poisson,2026-01-12,0,0.125155867579903
MANOEL SATIRO,poisson,2026-01-19,0,0.12289619027912754
MANOEL SATIRO,poisson,2026-01-26,0,0.1270124627536152
MANOEL SATIRO,poisson,2026-02-02,0,0.12401190953429646
MANOEL SATIRO,poisson,2026-02-09,0,0.1281655517958286
MANOEL SATIRO,poisson,2026-02-16,0,0.13245831572802583
MANOEL SATIRO,poisson,2026-02-23,0,0.13689486105794943
MANOEL SATIRO,poisson,2026-03-02,0,0.1336608452208388
MANOEL SATIRO,poisson,2026-03-09,0,0.1381376679510608
MANOEL SATIRO,poisson,2026-03-16,0,0.14276443692563523
MANOEL SATIRO,poisson,2026-03-23,0,0.1475461744287914
MANOEL SATIRO,poisson,2026-03-30,0,0.15248807096063477
MANOEL SATIRO,poisson,2026-04-06,0,0.14888567980697132
MANOEL SATIRO,poisson,2026-04-13,0,0.1538724415954602
MANOEL SATIRO,poisson,2026-04-20,0,0.15902622947515796
MANOEL SATIRO,poisson,2026-04-27,0,0.16435263780094417
MANOEL SATIRO,poisson,2026-05-04,0,0.1604699571114611
MANOEL SATIRO,poisson,2026-05-11,0,0.16584472150358648
MANOEL SATIRO,poisson,2026-05-18,0,0.1713995077065907
MANOEL SATIRO,poisson,2026-05-25,0,0.1771403453526637
MANOEL SATIRO,poisson,2026-06-01,0,0.17295556677270477
MANOEL SATIRO,poisson,2026-06-08,0,0.17874852290258086
MANOEL SATIRO,poisson,2026-06-15,0,0.1847355077147877
MANUEL DIAS BRANCO,poisson,2026-01-05,0,0.07304532148675787
MANUEL DIAS BRANCO,poisson,2026-01-12,0,0.0842694583969768
MANUEL DIAS BRANCO,poisson,2026-01-19,0,0.08487028430523097
MANUEL DIAS BRANCO,poisson,2026-01-26,0,0.08578142572052315
MANUEL DIAS BRANCO,poisson,2026-02-02,0,0.07930997996934824
MANUEL DIAS BRANCO,poisson,2026-02-09,0,0.08022320438245248
MANUEL DIAS BRANCO,poisson,2026-02-16,0,0.08114694422916305
MANUEL DIAS BRANCO,poisson,2026-02-23,0,0.08208132059071954
MANUEL DIAS BRANCO,poisson,2026-03-02,0,0.0758890148680536
MANUEL DIAS BRANCO,poisson,2026-03-09,0,0.07676284816230887
MANUEL DIAS BRANCO,poisson,2026-03-16,0,0.07764674331634028
MANUEL DIAS BRANCO,poisson,2026-03-23,0,0.07854081618865626
MANUEL DIAS BRANCO,poisson,2026-03-30,0,0.07944518397183227
MANUEL DIAS BRANCO,poisson,2026-04-06,0,0.07345175131496727
MANUEL DIAS BRANCO,poisson,2026-04-13,0,0.07429752044152627
MANUEL DIAS BRANCO,poisson,2026-04-20,0,0.07515302827958817
MANUEL DIAS BRANCO,poisson,2026-04-27,0,0.07601838696673144
MANUEL DIAS BRANCO,poisson,2026-05-04,0,0.07028347567078493
MANUEL DIAS BRANCO,poisson,2026-05-11,0,0.07109276330199077
MANUEL DIAS BRANCO,poisson,2026-05-18,0,0.07191136957408302
MANUEL DIAS BRANCO,poisson,2026-05-25,0,0.0727394017876858
MANUEL DIAS BRANCO,poisson,2026-06-01,0,0.06725186076481253
MANUEL DIAS BRANCO,poisson,2026-06-08,0,0.06802624049736133
MANUEL DIAS BRANCO,poisson,2026-06-15,0,0.06880953691955054
MARAPONGA,poisson,2026-01-05,0,0.06088683971645188
MARAPONGA,poisson,2026-01-12,0,0.061869111369893
MARAPONGA,poisson,2026-01-19,0,0.06286722975812353
MARAPONGA,poisson,2026-01-26,0,0.06388145053242147
MARAPONGA,poisson,2026-02-02,0,0.06160973838165033
MARAPONGA,poisson,2026-02-09,0,0.06260367237247735
MARAPONGA,poisson,2026-02-16,0,0.06361364124356957
MARAPONGA,poisson,2026-02-23,0,0.06463990368150732
MARAPONGA,poisson,2026-03-02,0,0.06234121989467894
MARAPONGA,poisson,2026-03-09,0,0.0633469546877583
MARAPONGA,poisson,2026-03-16,0,0.06436891474039656
MARAPONGA,poisson,2026-03-23,0,0.065407361810514
MARAPONGA,poisson,2026-03-30,0,0.0664625618789037
MARAPONGA,poisson,2026-04-06,0,0.064099061862337
MARAPONGA,poisson,2026-04-13,0,0.06513315546569622
MARAPONGA,poisson,2026-04-20,0,0.06618393183397338
MARAPONGA,poisson,2026-04-27,0,0.06725166010590442
MARAPONGA,poisson,2026-05-04,0,0.06486009867220506
MARAPONGA,poisson,2026-05-11,0,0.06590646988578418
MARAPONGA,poisson,2026-05-18,0,0.06696972193579462
MARAPONGA,poisson,2026-05-25,0,0.06805012715640896
MARAPONGA,poisson,2026-06-01,0,0.06563017113734086
MARAPONGA,poisson,2026-06-08,0,0.0666889657310317
MARAPONGA,poisson,2026-06-15,0,0.06776484158433528
MESSEJANA,poisson,2026-01-05,1,0.5697070524565365
MESSEJANA,poisson,2026-01-12,0,0.6438870477528567
MESSEJANA,poisson,2026-01-19,0,0.5513030853640765
MESSEJANA,poisson,2026-01-26,1,0.5942164327524568
MESSEJANA,poisson,2026-02-02,0,0.6182886308442813
MESSEJANA,poisson,2026-02-09,0,0.5245037834633451
MESSEJANA,poisson,2026-02-16,0,0.5653310773128221
MESSEJANA,poisson,2026-02-23,0,0.581793123644907
MESSEJANA,poisson,2026-03-02,3,0.5317845413353574
MESSEJANA,poisson,2026-03-09,0,0.7444615639529296
MESSEJANA,poisson,2026-03-16,0,0.4531236958723314
MESSEJANA,poisson,2026-03-23,1,0.5501888313895874
MESSEJANA,poisson,2026-03-30,1,0.6471656717709211
MESSEJANA,poisson,2026-04-06,1,0.544887665957067
MESSEJANA,poisson,2026-04-13,2,0.5511024366647094
MESSEJANA,poisson,2026-04-20,0,0.6286570554400898
MESSEJANA,poisson,2026-04-27,0,0.4836378576892639
MESSEJANA,poisson,2026-05-04,0,0.5046729694989767
MESSEJANA,poisson,2026-05-11,0,0.5214759313508737
MESSEJANA,poisson,2026-05-18,0,0.5198420225898219
MESSEJANA,poisson,2026-05-25,0,0.5279043466331386
MESSEJANA,poisson,2026-06-01,1,0.48701880630028505
MESSEJANA,poisson,2026-06-08,0,0.550432191486228
MESSEJANA,poisson,2026-06-15,0,0.4712860221511131
MONDUBIM,poisson,2026-01-05,0,0.2794979494753738
MONDUBIM,poisson,2026-01-12,0,0.40013796784694605
MONDUBIM,poisson,2026-01-19,0,0.31284112761332095
MONDUBIM,poisson,2026-01-26,0,0.2732669971309612
MONDUBIM,poisson,2026-02-02,0,0.272289554705415
MONDUBIM,poisson,2026-02-09,0,0.277437443781132
MONDUBIM,poisson,2026-02-16,0,0.28268265852167146
MONDUBIM,poisson,2026-02-23,0,0.2880270389598882
MONDUBIM,poisson,2026-03-02,0,0.2890262646892687
MONDUBIM,poisson,2026-03-09,1,0.2944905769439157
MONDUBIM,poisson,2026-03-16,0,0.31640119244276327
MONDUBIM,poisson,2026-03-23,1,0.3076379237514577
MONDUBIM,poisson,2026-03-30,0,0.3777952917213161
MONDUBIM,poisson,2026-04-06,0,0.3167657866814726
MONDUBIM,poisson,2026-04-13,0,0.36632121277838264
MONDUBIM,poisson,2026-04-20,0,0.32681815202402803
MONDUBIM,poisson,2026-04-27,0,0.33065874219190444
MONDUBIM,poisson,2026-05-04,0,0.3318058661703888
MONDUBIM,poisson,2026-05-11,0,0.3380789668611786
MONDUBIM,poisson,2026-05-18,0,0.3444706663963197
MONDUBIM,poisson,2026-05-25,0,0.3509832069980519
MONDUBIM,poisson,2026-06-01,0,0.3522008407739619
MONDUBIM,poisson,2026-06-08,0,0.35885952756288486
MONDUBIM,poisson,2026-06-15,0,0.36564410306250916
MONTESE,poisson,2026-01-05,0,0.049606207964253565
MONTESE,poisson,2026-01-12,0,0.04882046392415465
MONTESE,poisson,2026-01-19,0,0.048047165779879844
MONTESE,poisson,2026-01-26,0,0.04728611639302913
MONTESE,poisson,2026-02-02,0,0.047629744680791314
MONTESE,poisson,2026-02-09,0,0.046875307090211274
MONTESE,poisson,2026-02-16,0,0.04613281951284029
MONTESE,poisson,2026-02-23,0,0.04540209266487616
MONTESE,poisson,2026-03-02,0,0.04573202974902104
MONTESE,poisson,2026-03-09,0,0.045007651263110314
MONTESE,poisson,2026-03-16,0,0.044294746665276066
MONTESE,poisson,2026-03-23,0,0.04359313421336255
MONTESE,poisson,2026-03-30,0,0.04290263504394279
MONTESE,poisson,2026-04-06,0,0.04321440856533118
MONTESE,poisson,2026-04-13,0,0.04252990827050768
MONTESE,poisson,2026-04-20,0,0.04185625020792033
MONTESE,poisson,2026-04-27,0,0.04119326264060896
MONTESE,poisson,2026-05-04,0,0.041492614149852745
MONTESE,poisson,2026-05-11,0,0.040835386443597445
MONTESE,poisson,2026-05-18,0,0.040188568981833116
MONTESE,poisson,2026-05-25,0,0.03955199687012618
MONTESE,poisson,2026-06-01,0,0.039839421298241404
MONTESE,poisson,2026-06-08,0,0.0392083795570819
MONTESE,poisson,2026-06-15,0,0.03858733328438328
MOURA BRASIL,poisson,2026-01-05,0,0.10599417626327462
MOURA BRASIL,poisson,2026-01-12,0,0.10347047886598094
MOURA BRASIL,poisson,2026-01-19,0,0.10100687013372196
MOURA BRASIL,poisson,2026-01-26,0,0.09860191936895454
MOURA BRASIL,poisson,2026-02-02,0,0.08765596699725117
MOURA BRASIL,poisson,2026-02-09,0,0.08556889822076716
MOURA BRASIL,poisson,2026-02-16,0,0.08353152208047197
MOURA BRASIL,poisson,2026-02-23,0,0.0815426554059214
MOURA BRASIL,poisson,2026-03-02,0,0.07249047844985633
MOURA BRASIL,poisson,2026-03-09,0,0.0707644965304529
MOURA BRASIL,poisson,2026-03-16,0,0.06907960985072517
MOURA BRASIL,poisson,2026-03-23,0,0.06743483994229824
MOURA BRASIL,poisson,2026-03-30,0,0.065829231633908
MOURA BRASIL,poisson,2026-04-06,0,0.058521426281414414
MOURA BRASIL,poisson,2026-04-13,0,0.05712804433913225
MOURA BRASIL,poisson,2026-04-20,0,0.05576783850619066
MOURA BRASIL,poisson,2026-04-27,0,0.054440018866919314
MOURA BRASIL,poisson,2026-05-04,0,0.04839654773120878
MOURA BRASIL,poisson,2026-05-11,0,0.047244236860431554
MOURA BRASIL,poisson,2026-05-18,0,0.04611936225122995
MOURA BRASIL,poisson,2026-05-25,0,0.04502127065241254
MOURA BRASIL,poisson,2026-06-01,0,0.04002338939990991
MOURA BRASIL,poisson,2026-06-08,0,0.03907044153786382
MOURA BRASIL,poisson,2026-06-15,0,0.03814018314918303
PADRE ANDRADE,poisson,2026-01-05,0,0.1360242429464195
PADRE ANDRADE,poisson,2026-01-12,0,0.13545051635909447
PADRE ANDRADE,poisson,2026-01-19,0,0.13487920965068126
PADRE ANDRADE,poisson,2026-01-26,0,0.13431031261455173
PADRE ANDRADE,poisson,2026-02-02,0,0.13011671068449487
PADRE ANDRADE,poisson,2026-02-09,0,0.12956790104028773
PADRE ANDRADE,poisson,2026-02-16,0,0.12902140617966207
PADRE ANDRADE,poisson,2026-02-23,0,0.12847721633926362
PADRE ANDRADE,poisson,2026-03-02,0,0.12446574252224644
PADRE ANDRADE,poisson,2026-03-09,0,0.12394076767842915
PADRE ANDRADE,poisson,2026-03-16,0,0.12341800708715282
PADRE ANDRADE,poisson,2026-03-23,0,0.12289745140908545
PADRE ANDRADE,poisson,2026-03-30,0,0.12237909134428694
PADRE ANDRADE,poisson,2026-04-06,0,0.11855802069327274
PADRE ANDRADE,poisson,2026-04-13,0,0.11805796359213415
PADRE ANDRADE,poisson,2026-04-20,0,0.11756001564483373
PADRE ANDRADE,poisson,2026-04-27,0,0.11706416795532773
PADRE ANDRADE,poisson,2026-05-04,0,0.1134090463855729
PADRE ANDRADE,poisson,2026-05-11,0,0.11293070676209706
PADRE ANDRADE,poisson,2026-05-18,0,0.1124543846919177
PADRE ANDRADE,poisson,2026-05-25,0,0.11198007166534604
PADRE ANDRADE,poisson,2026-06-01,0,0.10848369200899476
PADRE ANDRADE,poisson,2026-06-08,0,0.10802612667322403
PADRE ANDRADE,poisson,2026-06-15,0,0.10757049126841917
PAPICU,poisson,2026-01-05,0,0.0784562258412855
PAPICU,poisson,2026-01-12,0,0.08112606553236576
PAPICU,poisson,2026-01-19,0,0.08388675899444549
PAPICU,poisson,2026-01-26,0,0.0867413979516205
PAPICU,poisson,2026-02-02,0,0.08232166206508737
PAPICU,poisson,2026-02-09,0,0.0851230412859243
PAPICU,poisson,2026-02-16,0,0.08801975052491284
PAPICU,poisson,2026-02-23,0,0.09101503383137458
PAPICU,poisson,2026-03-02,0,0.0863775433050758
PAPICU,poisson,2026-03-09,0,0.08931694283724831
PAPICU,poisson,2026-03-16,0,0.09235636917360092
PAPICU,poisson,2026-03-23,1,0.09549922619354677
PAPICU,poisson,2026-03-30,0,0.1228399946755083
PAPICU,poisson,2026-04-06,0,0.11598853956973745
PAPICU,poisson,2026-04-13,0,0.11099632915584687
PAPICU,poisson,2026-04-20,0,0.10291783687525599
PAPICU,poisson,2026-04-27,0,0.10361427008344999
PAPICU,poisson,2026-05-04,0,0.09833481046371717
PAPICU,poisson,2026-05-11,0,0.10168111188435895
PAPICU,poisson,2026-05-18,0,0.10514128684728936
PAPICU,poisson,2026-05-25,0,0.10871921043188819
PAPICU,poisson,2026-06-01,0,0.1031796387020279
PAPICU,poisson,2026-06-08,0,0.10669080804218026
PAPICU,poisson,2026-06-15,0,0.11032146132597032
PARANGABA,poisson,2026-01-05,0,0.08501667969498967
PARANGABA,poisson,2026-01-12,0,0.08537027449380938
PARANGABA,poisson,2026-01-19,0,0.08572533993676856
PARANGABA,poisson,2026-01-26,0,0.08608188214045662
PARANGABA,poisson,2026-02-02,0,0.08245124751527656
PARANGABA,poisson,2026-02-09,0,0.0827941723669903
PARANGABA,poisson,2026-02-16,0,0.08313852348522474
PARANGABA,poisson,2026-02-23,0,0.08348430680199732
PARANGABA,poisson,2026-03-02,0,0.07996322887714517
PARANGABA,poisson,2026-03-09,0,0.08029580575416775
PARANGABA,poisson,2026-03-16,0,0.08062976585921504
PARANGABA,poisson,2026-03-23,0,0.08096511494530208
PARANGABA,poisson,2026-03-30,0,0.08130185878937136
PARANGABA,poisson,2026-04-06,0,0.07787282893695062
PARANGABA,poisson,2026-04-13,0,0.07819671158421783
PARANGABA,poisson,2026-04-20,0,0.0785219412991418
PARANGABA,poisson,2026-04-27,0,0.07884852368434214
PARANGABA,poisson,2026-05-04,0,0.07552296698048659
PARANGABA,poisson,2026-05-11,0,0.07583707626364768
PARANGABA,poisson,2026-05-18,0,0.07615249196584549
PARANGABA,poisson,2026-05-25,0,0.07646921952063696
PARANGABA,poisson,2026-06-01,0,0.07324401359752392
PARANGABA,poisson,2026-06-08,0,0.07354864443403364
PARANGABA,poisson,2026-06-15,0,0.07385454226755779
PARQUE DOIS IRMAOS,poisson,2026-01-05,0,0.18751996522966421
PARQUE DOIS IRMAOS,poisson,2026-01-12,0,0.185217928560574
PARQUE DOIS IRMAOS,poisson,2026-01-19,0,0.1829441522040289
PARQUE DOIS IRMAOS,poisson,2026-01-26,0,0.18069828923016634
PARQUE DOIS IRMAOS,poisson,2026-02-02,0,0.17813566704808054
PARQUE DOIS IRMAOS,poisson,2026-02-09,1,0.17594883410410422
PARQUE DOIS IRMAOS,poisson,2026-02-16,0,0.17682157618230132
PARQUE DOIS IRMAOS,poisson,2026-02-23,0,0.160022816138736
PARQUE DOIS IRMAOS,poisson,2026-03-02,0,0.18215325654924058
PARQUE DOIS IRMAOS,poisson,2026-03-09,0,0.16844489023512166
PARQUE DOIS IRMAOS,poisson,2026-03-16,0,0.16509171268604877
PARQUE DOIS IRMAOS,poisson,2026-03-23,0,0.16306501021785705
PARQUE DOIS IRMAOS,poisson,2026-03-30,0,0.16106318799851455
PARQUE DOIS IRMAOS,poisson,2026-04-06,1,0.15877902637174496
PARQUE DOIS IRMAOS,poisson,2026-04-13,0,0.15956660270412237
PARQUE DOIS IRMAOS,poisson,2026-04-20,0,0.14440713445557626
PARQUE DOIS IRMAOS,poisson,2026-04-27,0,0.16469573269800783
PARQUE DOIS IRMAOS,poisson,2026-05-04,0,0.15200734807372163
PARQUE DOIS IRMAOS,poisson,2026-05-11,0,0.14898138732095884
PARQUE DOIS IRMAOS,poisson,2026-05-18,0,0.14715245877884472
PARQUE DOIS IRMAOS,poisson,2026-05-25,1,0.14534598256901393
PARQUE DOIS IRMAOS,poisson,2026-06-01,0,0.1457851307842933
PARQUE DOIS IRMAOS,poisson,2026-06-08,0,0.13193495772939287
PARQUE DOIS IRMAOS,poisson,2026-06-15,0,0.15047126732098923
PARQUE IRACEMA,poisson,2026-01-05,0,0.06286405081945579
PARQUE IRACEMA,poisson,2026-01-12,0,0.0634483131521647
PARQUE IRACEMA,poisson,2026-01-19,0,0.06403800565472388
PARQUE IRACEMA,poisson,2026-01-26,0,0.0646331787954639
PARQUE IRACEMA,poisson,2026-02-02,0,0.0606176995065433
PARQUE IRACEMA,poisson,2026-02-09,0,0.06118108411277647
PARQUE IRACEMA,poisson,2026-02-16,0,0.06174970484999327
PARQUE IRACEMA,poisson,2026-02-23,0,0.062323610383115215
PARQUE IRACEMA,poisson,2026-03-02,0,0.05845161814370953
PARQUE IRACEMA,poisson,2026-03-09,0,0.05899487105729182
PARQUE IRACEMA,poisson,2026-03-16,0,0.05954317299667508
PARQUE IRACEMA,poisson,2026-03-23,0,0.060096570887813894
PARQUE IRACEMA,poisson,2026-03-30,0,0.06065511209279546
PARQUE IRACEMA,poisson,2026-04-06,0,0.05688677900265707
PARQUE IRACEMA,poisson,2026-04-13,0,0.05741548820556613
PARQUE IRACEMA,poisson,2026-04-20,0,0.05794911126413978
PARQUE IRACEMA,poisson,2026-04-27,0,0.05848769384805301
PARQUE IRACEMA,poisson,2026-05-04,0,0.054854016413638025
PARQUE IRACEMA,poisson,2026-05-11,0,0.05536383299673303
PARQUE IRACEMA,poisson,2026-05-18,0,0.05587838784632871
PARQUE IRACEMA,poisson,2026-05-25,0,0.05639772500016363
PARQUE IRACEMA,poisson,2026-06-01,0,0.052893891506269435
PARQUE IRACEMA,poisson,2026-06-08,0,0.053385490568605753
PARQUE IRACEMA,poisson,2026-06-15,0,0.053881658582690686
PARQUE PRESIDENTE VARGAS,poisson,2026-01-05,0,0.04774372455331947
PARQUE PRESIDENTE VARGAS,poisson,2026-01-12,0,0.04853716724243465
PARQUE PRESIDENTE VARGAS,poisson,2026-01-19,0,0.04934379598493802
PARQUE PRESIDENTE VARGAS,poisson,2026-01-26,0,0.05016382991701461
PARQUE PRESIDENTE VARGAS,poisson,2026-02-02,0,0.04905313556301748
PARQUE PRESIDENTE VARGAS,poisson,2026-02-09,0,0.04986833907206058
PARQUE PRESIDENTE VARGAS,poisson,2026-02-16,0,0.05069709027287766
PARQUE PRESIDENTE VARGAS,poisson,2026-02-23,0,0.05153961431164437
PARQUE PRESIDENTE VARGAS,poisson,2026-03-02,0,0.050398458249241794
PARQUE PRESIDENTE VARGAS,poisson,2026-03-09,0,0.05123601938664068
PARQUE PRESIDENTE VARGAS,poisson,2026-03-16,0,0.052087499772430323
PARQUE PRESIDENTE VARGAS,poisson,2026-03-23,0,0.05295313072760577
PARQUE PRESIDENTE VARGAS,poisson,2026-03-30,0,0.053833147417436014
PARQUE PRESIDENTE VARGAS,poisson,2026-04-06,0,0.05264120946147544
PARQUE PRESIDENTE VARGAS,poisson,2026-04-13,0,0.053516042398875266
PARQUE PRESIDENTE VARGAS,poisson,2026-04-20,0,0.054405413996693235
PARQUE PRESIDENTE VARGAS,poisson,2026-04-27,0,0.05530956586979966
PARQUE PRESIDENTE VARGAS,poisson,2026-05-04,0,0.05408493803266593
PARQUE PRESIDENTE VARGAS,poisson,2026-05-11,0,0.054983763984657624
PARQUE PRESIDENTE VARGAS,poisson,2026-05-18,0,0.05589752733181626
PARQUE PRESIDENTE VARGAS,poisson,2026-05-25,0,0.05682647631549925
PARQUE PRESIDENTE VARGAS,poisson,2026-06-01,0,0.05556826205024897
PARQUE PRESIDENTE VARGAS,poisson,2026-06-08,0,0.056491739045039506
PARQUE PRESIDENTE VARGAS,poisson,2026-06-15,0,0.057430563105375074
PARQUE SAO JOSE,poisson,2026-01-05,0,0.13187814772223305
PARQUE SAO JOSE,poisson,2026-01-12,0,0.13306791165238804
PARQUE SAO JOSE,poisson,2026-01-19,0,0.13426840926537034
PARQUE SAO JOSE,poisson,2026-01-26,0,0.13547973739715227
PARQUE SAO JOSE,poisson,2026-02-02,0,0.12597981327297036
PARQUE SAO JOSE,poisson,2026-02-09,0,0.12711636425088935
PARQUE SAO JOSE,poisson,2026-02-16,0,0.12826316884081052
PARQUE SAO JOSE,poisson,2026-02-23,0,0.1294203195476554
PARQUE SAO JOSE,poisson,2026-03-02,0,0.1203452856019818
PARQUE SAO JOSE,poisson,2026-03-09,0,0.12143100361096551
PARQUE SAO JOSE,poisson,2026-03-16,0,0.12252651663260085
PARQUE SAO JOSE,poisson,2026-03-23,0,0.1236319130344676
PARQUE SAO JOSE,poisson,2026-03-30,0,0.12474728198137068
PARQUE SAO JOSE,poisson,2026-04-06,0,0.11599992435956692
PARQUE SAO JOSE,poisson,2026-04-13,0,0.11704643986109196
PARQUE SAO JOSE,poisson,2026-04-20,0,0.11810239670235044
PARQUE SAO JOSE,poisson,2026-04-27,0,0.11916788006019434
PARQUE SAO JOSE,poisson,2026-05-04,0,0.1108117535990631
PARQUE SAO JOSE,poisson,2026-05-11,0,0.11181146302588242
PARQUE SAO JOSE,poisson,2026-05-18,0,0.11282019152248104
PARQUE SAO JOSE,poisson,2026-05-25,0,0.11383802045612175
PARQUE SAO JOSE,poisson,2026-06-01,0,0.10585562709193919
PARQUE SAO JOSE,poisson,2026-06-08,0,0.10681062387566108
PARQUE SAO JOSE,poisson,2026-06-15,0,0.10777423634550162
PASSARE,poisson,2026-01-05,1,0.40543651913386475
PASSARE,poisson,2026-01-12,0,0.4089596919247374
PASSARE,poisson,2026-01-19,0,0.3992628024478803
PASSARE,poisson,2026-01-26,1,0.43431445302586885
PASSARE,poisson,2026-02-02,0,0.3679562476128553
PASSARE,poisson,2026-02-09,0,0.36782006359892283
PASSARE,poisson,2026-02-16,0,0.40011132706197977
PASSARE,poisson,2026-02-23,0,0.3976547237407095
PASSARE,poisson,2026-03-02,0,0.36352998605524406
PASSARE,poisson,2026-03-09,1,0.36926820813080347
PASSARE,poisson,2026-03-16,0,0.363779876642929
PASSARE,poisson,2026-03-23,0,0.3551542508725527
PASSARE,poisson,2026-03-30,0,0.3863335709257827
PASSARE,poisson,2026-04-06,0,0.33748872987146505
PASSARE,poisson,2026-04-13,0,0.35101190131907145
PASSARE,poisson,2026-04-20,0,0.3565525288276565
PASSARE,poisson,2026-04-27,0,0.36218061363633175
PASSARE,poisson,2026-05-04,0,0.3233690167869159
PASSARE,poisson,2026-05-11,0,0.328473308872457
PASSARE,poisson,2026-05-18,0,0.33365817082196775
PASSARE,poisson,2026-05-25,0,0.33892487440886376
PASSARE,poisson,2026-06-01,0,0.3026053832695508
PASSARE,poisson,2026-06-08,0,0.30738192704054135
PASSARE,poisson,2026-06-15,0,0.31223386725739055
PAUPINA,poisson,2026-01-05,0,0.13670913452479658
PAUPINA,poisson,2026-01-12,0,0.19015355016360086
PAUPINA,poisson,2026-01-19,0,0.16779153395559945
PAUPINA,poisson,2026-01-26,0,0.1519733149245866
PAUPINA,poisson,2026-02-02,0,0.16221396680648872
PAUPINA,poisson,2026-02-09,0,0.16021587525313427
PAUPINA,poisson,2026-02-16,0,0.15824239545137053
PAUPINA,poisson,2026-02-23,0,0.1562932242427585
PAUPINA,poisson,2026-03-02,0,0.16791074104309797
PAUPINA,poisson,2026-03-09,0,0.16584247873498284
PAUPINA,poisson,2026-03-16,0,0.16379969251582185
PAUPINA,poisson,2026-03-23,0,0.16178206858058855
PAUPINA,poisson,2026-03-30,0,0.1597892969895904
PAUPINA,poisson,2026-04-06,0,0.17166668227794854
PAUPINA,poisson,2026-04-13,0,0.16955215567703547
PAUPINA,poisson,2026-04-20,0,0.16746367503149728
PAUPINA,poisson,2026-04-27,0,0.16540091951690408
PAUPINA,poisson,2026-05-04,0,0.17769542537657354
PAUPINA,poisson,2026-05-11,0,0.17550663895143043
PAUPINA,poisson,2026-05-18,0,0.17334481318666864
PAUPINA,poisson,2026-05-25,0,0.1712096159908608
PAUPINA,poisson,2026-06-01,0,0.18393589123273613
PAUPINA,poisson,2026-06-08,0,0.18167023706086521
PAUPINA,poisson,2026-06-15,0,0.17943249037780531
PEDRAS,poisson,2026-01-05,0,0.20485747838151913
PEDRAS,poisson,2026-01-12,0,0.20204069867983857
PEDRAS,poisson,2026-01-19,0,0.19926264955294828
PEDRAS,poisson,2026-01-26,0,0.19652279845745388
PEDRAS,poisson,2026-02-02,0,0.18554749934453144
PEDRAS,poisson,2026-02-09,0,0.1829962308529907
PEDRAS,poisson,2026-02-16,1,0.180480042170873
PEDRAS,poisson,2026-02-23,0,0.18828174248104457
PEDRAS,poisson,2026-03-02,0,0.15985645353924371
PEDRAS,poisson,2026-03-09,0,0.15655139732069512
PEDRAS,poisson,2026-03-16,0,0.16296911295569377
PEDRAS,poisson,2026-03-23,0,0.16122021867295452
PEDRAS,poisson,2026-03-30,0,0.1590034490287791
PEDRAS,poisson,2026-04-06,0,0.15012351027981521
PEDRAS,poisson,2026-04-13,0,0.14805931980045334
PEDRAS,poisson,2026-04-20,0,0.14602351183311202
PEDRAS,poisson,2026-04-27,0,0.14401569611972323
PEDRAS,poisson,2026-05-04,0,0.1359727853008449
PEDRAS,poisson,2026-05-11,0,0.1341031665559383
PEDRAS,poisson,2026-05-18,0,0.13225925497179605
PEDRAS,poisson,2026-05-25,0,0.13044069707629108
PEDRAS,poisson,2026-06-01,0,0.12315591547259161
PEDRAS,poisson,2026-06-08,0,0.12146252802300571
PEDRAS,poisson,2026-06-15,0,0.1197924245630147
PICI,poisson,2026-01-05,0,0.14739394471547593
PICI,poisson,2026-01-12,0,0.16571855421321732
PICI,poisson,2026-01-19,0,0.16715750009237731
PICI,poisson,2026-01-26,0,0.170710128428473
PICI,poisson,2026-02-02,0,0.17147176100922304
PICI,poisson,2026-02-09,0,0.17511608110652613
PICI,poisson,2026-02-16,0,0.17883785459261717
PICI,poisson,2026-02-23,0,0.18263872759826255
PICI,poisson,2026-03-02,0,0.18345358027704695
PICI,poisson,2026-03-09,0,0.18735255212868546
PICI,poisson,2026-03-16,0,0.1913343895285292
PICI,poisson,2026-03-23,0,0.19540085363293952
PICI,poisson,2026-03-30,0,0.19955374302844991
PICI,poisson,2026-04-06,0,0.20044406297431516
PICI,poisson,2026-04-13,0,0.20470413660266668
PICI,poisson,2026-04-20,0,0.20905475034006243
PICI,poisson,2026-04-27,0,0.21349782845168216
PICI,poisson,2026-05-04,0,0.2144503606978067
PICI,poisson,2026-05-11,0,0.2190081126842861
PICI,poisson,2026-05-18,0,0.22366273139135603
PICI,poisson,2026-05-25,0,0.22841627554480637
PICI,poisson,2026-06-01,0,0.22943536725910613
PICI,poisson,2026-06-08,0,0.23431159827821546
PICI,poisson,2026-06-15,0,0.23929146470992818
PIRAMBU,poisson,2026-01-05,0,0.24002339180891588
PIRAMBU,poisson,2026-01-12,0,0.23213192654946263
PIRAMBU,poisson,2026-01-19,0,0.22449991610177517
PIRAMBU,poisson,2026-01-26,0,0.21711883013629668
PIRAMBU,poisson,2026-02-02,0,0.22270350188883692
PIRAMBU,poisson,2026-02-09,0,0.21538147825160134
PIRAMBU,poisson,2026-02-16,0,0.20830018738097933
PIRAMBU,poisson,2026-02-23,0,0.2014517144889571
PIRAMBU,poisson,2026-03-02,0,0.20663340093550359
PIRAMBU,poisson,2026-03-09,0,0.19983972848284792
PIRAMBU,poisson,2026-03-16,0,0.1932694177189852
PIRAMBU,poisson,2026-03-23,0,0.1869151249804744
PIRAMBU,poisson,2026-03-30,0,0.1807697480481125
PIRAMBU,poisson,2026-04-06,0,0.1854194585545866
PIRAMBU,poisson,2026-04-13,0,0.1793232559945668
PIRAMBU,poisson,2026-04-20,0,0.1734274837774166
PIRAMBU,poisson,2026-04-27,0,0.16772555217421095
PIRAMBU,poisson,2026-05-04,0,0.1720397434068116
PIRAMBU,poisson,2026-05-11,0,0.16638343779381146
PIRAMBU,poisson,2026-05-18,0,0.1609130996355058
PIRAMBU,poisson,2026-05-25,0,0.15562261471237188
PIRAMBU,poisson,2026-06-01,0,0.15962549746507948
PIRAMBU,poisson,2026-06-08,0,0.1543773461983419
PIRAMBU,poisson,2026-06-15,0,0.14930174312820169
PLANALTO AYRTON SENNA,poisson,2026-01-05,0,0.4922589016091397
PLANALTO AYRTON SENNA,poisson,2026-01-12,1,0.5014673792193161
PLANALTO AYRTON SENNA,poisson,2026-01-19,0,0.41599693592492804
PLANALTO AYRTON SENNA,poisson,2026-01-26,0,0.45031836682908155
PLANALTO AYRTON SENNA,poisson,2026-02-02,0,0.5085777274169939
PLANALTO AYRTON SENNA,poisson,2026-02-09,0,0.4242149388494922
PLANALTO AYRTON SENNA,poisson,2026-02-16,0,0.41255400547090954
PLANALTO AYRTON SENNA,poisson,2026-02-23,0,0.40048799489104037
PLANALTO AYRTON SENNA,poisson,2026-03-02,0,0.4310094215381655
PLANALTO AYRTON SENNA,poisson,2026-03-09,0,0.41840364345496256
PLANALTO AYRTON SENNA,poisson,2026-03-16,0,0.4061665478950229
PLANALTO AYRTON SENNA,poisson,2026-03-23,0,0.3942873519616414
PLANALTO AYRTON SENNA,poisson,2026-03-30,0,0.3827555881266318
PLANALTO AYRTON SENNA,poisson,2026-04-06,0,0.41192561758023033
PLANALTO AYRTON SENNA,poisson,2026-04-13,0,0.3998779855273822
PLANALTO AYRTON SENNA,poisson,2026-04-20,0,0.3881827118418856
PLANALTO AYRTON SENNA,poisson,2026-04-27,0,0.3768294910613476
PLANALTO AYRTON SENNA,poisson,2026-05-04,0,0.4055478891572295
PLANALTO AYRTON SENNA,poisson,2026-05-11,0,0.39368678720130684
PLANALTO AYRTON SENNA,poisson,2026-05-18,0,0.38217258814728594
PLANALTO AYRTON SENNA,poisson,2026-05-25,0,0.3709951460893484
PLANALTO AYRTON SENNA,poisson,2026-06-01,0,0.3992689053087384
PLANALTO AYRTON SENNA,poisson,2026-06-08,2,0.3875914454567391
PLANALTO AYRTON SENNA,poisson,2026-06-15,0,0.3721521425960528
PRAIA DO FURUTO II,poisson,2026-01-05,1,0.20327348749951277
PRAIA DO FURUTO II,poisson,2026-01-12,0,0.21058774052959242
PRAIA DO FURUTO II,poisson,2026-01-19,0,0.2885107303839753
PRAIA DO FURUTO II,poisson,2026-01-26,0,0.24687854601833337
PRAIA DO FURUTO II,poisson,2026-02-02,0,0.20090676033810978
PRAIA DO FURUTO II,poisson,2026-02-09,0,0.1999691114005301
PRAIA DO FURUTO II,poisson,2026-02-16,0,0.20486013191848013
PRAIA DO FURUTO II,poisson,2026-02-23,0,0.20987078132080864
PRAIA DO FURUTO II,poisson,2026-03-02,0,0.1874373055661689
PRAIA DO FURUTO II,poisson,2026-03-09,0,0.19202181214787375
PRAIA DO FURUTO II,poisson,2026-03-16,0,0.1967184506263438
PRAIA DO FURUTO II,poisson,2026-03-23,0,0.2015299636221966
PRAIA DO FURUTO II,poisson,2026-03-30,0,0.20645916083747848
PRAIA DO FURUTO II,poisson,2026-04-06,0,0.1843903595025705
PRAIA DO FURUTO II,poisson,2026-04-13,0,0.18890034119585744
PRAIA DO FURUTO II,poisson,2026-04-20,0,0.19352063199059993
PRAIA DO FURUTO II,poisson,2026-04-27,0,0.19825392992388352
PRAIA DO FURUTO II,poisson,2026-05-04,0,0.17706220088843
PRAIA DO FURUTO II,poisson,2026-05-11,0,0.18139294402887488
PRAIA DO FURUTO II,poisson,2026-05-18,0,0.1858296122965033
PRAIA DO FURUTO II,poisson,2026-05-25,1,0.19037479650129985
PRAIA DO FURUTO II,poisson,2026-06-01,0,0.17193778226231513
PRAIA DO FURUTO II,poisson,2026-06-08,0,0.2355592733762708
PRAIA DO FURUTO II,poisson,2026-06-15,0,0.20156800003546393
PREFEITO JOSE WALTER,poisson,2026-01-05,0,0.365344086711454
PREFEITO JOSE WALTER,poisson,2026-01-12,0,0.2929369356480973
PREFEITO JOSE WALTER,poisson,2026-01-19,1,0.29462486029178275
PREFEITO JOSE WALTER,poisson,2026-01-26,1,0.30873893064773766
PREFEITO JOSE WALTER,poisson,2026-02-02,0,0.3382850462318448
PREFEITO JOSE WALTER,poisson,2026-02-09,0,0.4355202927505592
PREFEITO JOSE WALTER,poisson,2026-02-16,0,0.3905765102720611
PREFEITO JOSE WALTER,poisson,2026-02-23,0,0.32292012786578767
PREFEITO JOSE WALTER,poisson,2026-03-02,0,0.2877651257204888
PREFEITO JOSE WALTER,poisson,2026-03-09,0,0.29843541513586946
PREFEITO JOSE WALTER,poisson,2026-03-16,0,0.3095013573459483
PREFEITO JOSE WALTER,poisson,2026-03-23,0,0.32097762309936745
PREFEITO JOSE WALTER,poisson,2026-03-30,0,0.3328794271340158
PREFEITO JOSE WALTER,poisson,2026-04-06,0,0.30587708554987914
PREFEITO JOSE WALTER,poisson,2026-04-13,0,0.31721896382709797
PREFEITO JOSE WALTER,poisson,2026-04-20,0,0.32898139731728404
PREFEITO JOSE WALTER,poisson,2026-04-27,0,0.3411799801471624
PREFEITO JOSE WALTER,poisson,2026-05-04,0,0.3135043185872977
PREFEITO JOSE WALTER,poisson,2026-05-11,0,0.3251290135670063
PREFEITO JOSE WALTER,poisson,2026-05-18,0,0.33718475056227676
PREFEITO JOSE WALTER,poisson,2026-05-25,0,0.349687512548964
PREFEITO JOSE WALTER,poisson,2026-06-01,0,0.3213217413661365
PREFEITO JOSE WALTER,poisson,2026-06-08,0,0.33323630525655396
PREFEITO JOSE WALTER,poisson,2026-06-15,0,0.3455926594599931
PRESIDENTE KENNEDY,poisson,2026-01-05,0,0.1238226358132895
PRESIDENTE KENNEDY,poisson,2026-01-12,0,0.1253354032739224
PRESIDENTE KENNEDY,poisson,2026-01-19,0,0.12686665253616544
PRESIDENTE KENNEDY,poisson,2026-01-26,0,0.12841660939611724
PRESIDENTE KENNEDY,poisson,2026-02-02,0,0.11748349446462775
PRESIDENTE KENNEDY,poisson,2026-02-09,0,0.11891881528799901
PRESIDENTE KENNEDY,poisson,2026-02-16,0,0.1203716717309515
PRESIDENTE KENNEDY,poisson,2026-02-23,0,0.12184227802987686
PRESIDENTE KENNEDY,poisson,2026-03-02,0,0.111468887582337
PRESIDENTE KENNEDY,poisson,2026-03-09,0,0.11283072667500316
PRESIDENTE KENNEDY,poisson,2026-03-16,0,0.11420920364532773
PRESIDENTE KENNEDY,poisson,2026-03-23,0,0.11560452176179846
PRESIDENTE KENNEDY,poisson,2026-03-30,0,0.11701688677627753
PRESIDENTE KENNEDY,poisson,2026-04-06,0,0.10705431979941717
PRESIDENTE KENNEDY,poisson,2026-04-13,0,0.10836222517914873
PRESIDENTE KENNEDY,poisson,2026-04-20,0,0.109686109516904
PRESIDENTE KENNEDY,poisson,2026-04-27,0,0.11102616803100952
PRESIDENTE KENNEDY,poisson,2026-05-04,0,0.1015736380102115
PRESIDENTE KENNEDY,poisson,2026-05-11,0,0.1028145847355877
PRESIDENTE KENNEDY,poisson,2026-05-18,0,0.104070692370875
PRESIDENTE KENNEDY,poisson,2026-05-25,0,0.10534214614013242
PRESIDENTE KENNEDY,poisson,2026-06-01,0,0.09637354156245499
PRESIDENTE KENNEDY,poisson,2026-06-08,0,0.09755095760423162
PRESIDENTE KENNEDY,poisson,2026-06-15,0,0.09874275838805423
QUINTINO CUNHA,poisson,2026-01-05,2,0.32032583291267125
QUINTINO CUNHA,poisson,2026-01-12,0,0.4998687404962823
QUINTINO CUNHA,poisson,2026-01-19,1,0.49988333073709
QUINTINO CUNHA,poisson,2026-01-26,0,0.3980835056703548
QUINTINO CUNHA,poisson,2026-02-02,0,0.39627142354785716
QUINTINO CUNHA,poisson,2026-02-09,0,0.2995495794420319
QUINTINO CUNHA,poisson,2026-02-16,1,0.337122491934772
QUINTINO CUNHA,poisson,2026-02-23,0,0.4114942756005534
QUINTINO CUNHA,poisson,2026-03-02,0,0.3458882002276884
QUINTINO CUNHA,poisson,2026-03-09,0,0.2832169777632699
QUINTINO CUNHA,poisson,2026-03-16,0,0.3187412697411758
QUINTINO CUNHA,poisson,2026-03-23,0,0.31672344446958156
QUINTINO CUNHA,poisson,2026-03-30,0,0.3275487259643695
QUINTINO CUNHA,poisson,2026-04-06,0,0.2799879729702143
QUINTINO CUNHA,poisson,2026-04-13,0,0.289557673841691
QUINTINO CUNHA,poisson,2026-04-20,0,0.29945445724388514
QUINTINO CUNHA,poisson,2026-04-27,0,0.3096895025212023
QUINTINO CUNHA,poisson,2026-05-04,0,0.264721945737312
QUINTINO CUNHA,poisson,2026-05-11,0,0.27376986950327625
QUINTINO CUNHA,poisson,2026-05-18,0,0.2831270419952828
QUINTINO CUNHA,poisson,2026-05-25,0,0.29280403301664043
QUINTINO CUNHA,poisson,2026-06-01,0,0.25028828135558295
QUINTINO CUNHA,poisson,2026-06-08,0,0.25884287732197375
QUINTINO CUNHA,poisson,2026-06-15,0,0.2676898605777407
SAO BENTO,poisson,2026-01-05,1,0.09153339547115502
SAO BENTO,poisson,2026-01-12,0,0.07480753209174631
SAO BENTO,poisson,2026-01-19,0,0.09338293468293658
SAO BENTO,poisson,2026-01-26,0,0.08762927086840636
SAO BENTO,poisson,2026-02-02,0,0.08026466902483842
SAO BENTO,poisson,2026-02-09,0,0.08133526605546611
SAO BENTO,poisson,2026-02-16,0,0.0822418802502912
SAO BENTO,poisson,2026-02-23,0,0.08315860013896992
SAO BENTO,poisson,2026-03-02,0,0.07919572226567048
SAO BENTO,poisson,2026-03-09,0,0.08007848775544611
SAO BENTO,poisson,2026-03-16,0,0.08097109310636125
SAO BENTO,poisson,2026-03-23,0,0.08187364799971676
SAO BENTO,poisson,2026-03-30,0,0.0827862633393904
SAO BENTO,poisson,2026-04-06,0,0.07884112897382205
SAO BENTO,poisson,2026-04-13,0,0.07971994194303221
SAO BENTO,poisson,2026-04-20,0,0.08060855071609382
SAO BENTO,poisson,2026-04-27,0,0.08150706448321735
SAO BENTO,poisson,2026-05-04,0,0.07762288964359344
SAO BENTO,poisson,2026-05-11,0,0.07848812334856754
SAO BENTO,poisson,2026-05-18,0,0.07936300149434587
SAO BENTO,poisson,2026-05-25,0,0.08024763158395097
SAO BENTO,poisson,2026-06-01,0,0.07642347433434261
SAO BENTO,poisson,2026-06-08,0,0.07727533859949567
SAO BENTO,poisson,2026-06-15,0,0.07813669828124112
SAO JOAO DO TAUAPE,poisson,2026-01-05,0,0.11091969366072528
SAO JOAO DO TAUAPE,poisson,2026-01-12,0,0.10934020127345738
SAO JOAO DO TAUAPE,poisson,2026-01-19,0,0.1077832008001057
SAO JOAO DO TAUAPE,poisson,2026-01-26,0,0.10624837195663753
SAO JOAO DO TAUAPE,poisson,2026-02-02,0,0.10389750630434301
SAO JOAO DO TAUAPE,poisson,2026-02-09,0,0.10241800960860037
SAO JOAO DO TAUAPE,poisson,2026-02-16,0,0.10095958089177819
SAO JOAO DO TAUAPE,poisson,2026-02-23,0,0.09952192014662609
SAO JOAO DO TAUAPE,poisson,2026-03-02,0,0.0973198848644423
SAO JOAO DO TAUAPE,poisson,2026-03-09,0,0.09593405325780846
SAO JOAO DO TAUAPE,poisson,2026-03-16,0,0.0945679558426466
SAO JOAO DO TAUAPE,poisson,2026-03-23,0,0.09322131160479075
SAO JOAO DO TAUAPE,poisson,2026-03-30,0,0.09189384353170651
SAO JOAO DO TAUAPE,poisson,2026-04-06,0,0.08986058809035083
SAO JOAO DO TAUAPE,poisson,2026-04-13,0,0.08858097659738849
SAO JOAO DO TAUAPE,poisson,2026-04-20,0,0.08731958672535825
SAO JOAO DO TAUAPE,poisson,2026-04-27,0,0.08607615899904351
SAO JOAO DO TAUAPE,poisson,2026-05-04,0,0.08417162642178314
SAO JOAO DO TAUAPE,poisson,2026-05-11,0,0.08297302553523707
SAO JOAO DO TAUAPE,poisson,2026-05-18,0,0.08179149268154602
SAO JOAO DO TAUAPE,poisson,2026-05-25,0,0.08062678481254541
SAO JOAO DO TAUAPE,poisson,2026-06-01,0,0.07884282581552556
SAO JOAO DO TAUAPE,poisson,2026-06-08,0,0.07772010685502048
SAO JOAO DO TAUAPE,poisson,2026-06-15,0,0.0766133753715146
SAPIRANGA COITE,poisson,2026-01-05,0,0.19252462625773634
SAPIRANGA COITE,poisson,2026-01-12,0,0.19503807737148976
SAPIRANGA COITE,poisson,2026-01-19,0,0.19758434213939235
SAPIRANGA COITE,poisson,2026-01-26,0,0.20016384895087766
SAPIRANGA COITE,poisson,2026-02-02,0,0.18466280150034342
SAPIRANGA COITE,poisson,2026-02-09,0,0.18707361477198436
SAPIRANGA COITE,poisson,2026-02-16,0,0.18951590173829203
SAPIRANGA COITE,poisson,2026-02-23,0,0.19199007329523565
SAPIRANGA COITE,poisson,2026-03-02,0,0.1771220176908925
SAPIRANGA COITE,poisson,2026-03-09,0,0.17943438438022938
SAPIRANGA COITE,poisson,2026-03-16,0,0.18177693952256418
SAPIRANGA COITE,poisson,2026-03-23,0,0.18415007723475502
SAPIRANGA COITE,poisson,2026-03-30,0,0.18655419677894175
SAPIRANGA COITE,poisson,2026-04-06,0,0.1721071052010997
SAPIRANGA COITE,poisson,2026-04-13,0,0.17435400111078697
SAPIRANGA COITE,poisson,2026-04-20,0,0.176630230738121
SAPIRANGA COITE,poisson,2026-04-27,0,0.17893617704120293
SAPIRANGA COITE,poisson,2026-05-04,0,0.16507903857453815
SAPIRANGA COITE,poisson,2026-05-11,0,0.1672341815369094
SAPIRANGA COITE,poisson,2026-05-18,0,0.1694174603621277
SAPIRANGA COITE,poisson,2026-05-25,0,0.17162924237003777
SAPIRANGA COITE,poisson,2026-06-01,1,0.15833796602907324
SAPIRANGA COITE,poisson,2026-06-08,0,0.14162417304968844
SAPIRANGA COITE,poisson,2026-06-15,0,0.19435475853866804
SERRINHA,poisson,2026-01-05,0,0.09908522093738263
SERRINHA,poisson,2026-01-12,0,0.10102374160975237
SERRINHA,poisson,2026-01-19,0,0.1030001878411677
SERRINHA,poisson,2026-01-26,0,0.10501530161392955
SERRINHA,poisson,2026-02-02,0,0.09962263840691082
SERRINHA,poisson,2026-02-09,0,0.10157167320908239
SERRINHA,poisson,2026-02-16,0,0.10355883927058233
SERRINHA,poisson,2026-02-23,0,0.10558488259806813
SERRINHA,poisson,2026-03-02,0,0.10016297071614796
SERRINHA,poisson,2026-03-09,0,0.10212257667455749
SERRINHA,poisson,2026-03-16,0,0.10412052070825348
SERRINHA,poisson,2026-03-23,0,0.10615755287007715
SERRINHA,poisson,2026-03-30,0,0.10823443788703525
SERRINHA,poisson,2026-04-06,0,0.1026764681249568
SERRINHA,poisson,2026-04-13,0,0.10468524858831094
SERRINHA,poisson,2026-04-20,0,0.10673332918560659
SERRINHA,poisson,2026-04-27,0,0.10882147879156949
SERRINHA,poisson,2026-05-04,0,0.10323336376648423
SERRINHA,poisson,2026-05-11,0,0.10525303943401958
SERRINHA,poisson,2026-05-18,0,0.1073122283911854
SERRINHA,poisson,2026-05-25,0,0.10941170368292281
SERRINHA,poisson,2026-06-01,0,0.10379327989324275
SERRINHA,poisson,2026-06-08,0,0.1058239098582631
SERRINHA,poisson,2026-06-15,0,0.10789426742471465
SIQUEIRA,poisson,2026-01-05,0,0.31181595417852864
SIQUEIRA,poisson,2026-01-12,0,0.3094528920173661
SIQUEIRA,poisson,2026-01-19,0,0.32225188304847413
SIQUEIRA,poisson,2026-01-26,0,0.33306641318810626
SIQUEIRA,poisson,2026-02-02,0,0.30720473029045825
SIQUEIRA,poisson,2026-02-09,0,0.31751428933270587
SIQUEIRA,poisson,2026-02-16,0,0.3281698294005227
SIQUEIRA,poisson,2026-02-23,0,0.33918296135617376
SIQUEIRA,poisson,2026-03-02,0,0.3128463454635215
SIQUEIRA,poisson,2026-03-09,0,0.32334523285584155
SIQUEIRA,poisson,2026-03-16,0,0.33419645499036005
SIQUEIRA,poisson,2026-03-23,0,0.34541183595528
SIQUEIRA,poisson,2026-03-30,0,0.3570035966462863
SIQUEIRA,poisson,2026-04-06,0,0.3292832578663694
SIQUEIRA,poisson,2026-04-13,0,0.3403337556415413
SIQUEIRA,poisson,2026-04-20,0,0.3517550997873132
SIQUEIRA,poisson,2026-04-27,1,0.36355973562817495
SIQUEIRA,poisson,2026-05-04,0,0.32562667772715037
SIQUEIRA,poisson,2026-05-11,0,0.3553632776670479
SIQUEIRA,poisson,2026-05-18,0,0.3641919991668866
SIQUEIRA,poisson,2026-05-25,0,0.3688469491304106
SIQUEIRA,poisson,2026-06-01,0,0.3414884543903934
SIQUEIRA,poisson,2026-06-08,0,0.352948549355256
SIQUEIRA,poisson,2026-06-15,0,0.36479323646346973
VICENTE PINZON,poisson,2026-01-05,0,0.19648497590361266
VICENTE PINZON,poisson,2026-01-12,1,0.20534312595387783
VICENTE PINZON,poisson,2026-01-19,0,0.3293096267055857
VICENTE PINZON,poisson,2026-01-26,0,0.24149967658127475
VICENTE PINZON,poisson,2026-02-02,0,0.2393165748379431
VICENTE PINZON,poisson,2026-02-09,0,0.21102888577060097
VICENTE PINZON,poisson,2026-02-16,0,0.21042100790926477
VICENTE PINZON,poisson,2026-02-23,0,0.2199074373587239
VICENTE PINZON,poisson,2026-03-02,0,0.18890591674269633
VICENTE PINZON,poisson,2026-03-09,0,0.19742237937905888
VICENTE PINZON,poisson,2026-03-16,0,0.20632279047551833
VICENTE PINZON,poisson,2026-03-23,0,0.2156244596154434
VICENTE PINZON,poisson,2026-03-30,0,0.2253454767517253
VICENTE PINZON,poisson,2026-04-06,0,0.19357732681029713
VICENTE PINZON,poisson,2026-04-13,0,0.20230439105187054
VICENTE PINZON,poisson,2026-04-20,0,0.2114248983248749
VICENTE PINZON,poisson,2026-04-27,0,0.2209565862573026
VICENTE PINZON,poisson,2026-05-04,0,0.18980716154308164
VICENTE PINZON,poisson,2026-05-11,0,0.19836425508079994
VICENTE PINZON,poisson,2026-05-18,0,0.2073071288452387
VICENTE PINZON,poisson,2026-05-25,0,0.2166531750014681
VICENTE PINZON,poisson,2026-06-01,0,0.1861104250517271
VICENTE PINZON,poisson,2026-06-08,0,0.19450085828177496
VICENTE PINZON,poisson,2026-06-15,0,0.20326955817672532
VILA PERY,poisson,2026-01-05,0,0.23859028572016258
VILA PERY,poisson,2026-01-12,0,0.23898462838577295
VILA PERY,poisson,2026-01-19,0,0.23937962282200112
VILA PERY,poisson,2026-01-26,0,0.2397752701060953
VILA PERY,poisson,2026-02-02,0,0.2178615757261811
VILA PERY,poisson,2026-02-09,0,0.21822165792419101
VILA PERY,poisson,2026-02-16,0,0.21858233526702583
VILA PERY,poisson,2026-02-23,0,0.2189436087383424
VILA PERY,poisson,2026-03-02,0,0.1989337748376044
VILA PERY,poisson,2026-03-09,0,0.19926257311542456
VILA PERY,poisson,2026-03-16,0,0.19959191483192212
VILA PERY,poisson,2026-03-23,0,0.19992180088529402
VILA PERY,poisson,2026-03-30,0,0.20025223217522173
VILA PERY,poisson,2026-04-06,0,0.18195065248002745
VILA PERY,poisson,2026-04-13,0,0.18225138100756136
VILA PERY,poisson,2026-04-20,0,0.18255260658001402
VILA PERY,poisson,2026-04-27,0,0.18285433001890258
VILA PERY,poisson,2026-05-04,0,0.16614279049147263
VILA PERY,poisson,2026-05-11,0,0.16641739174221756
VILA PERY,poisson,2026-05-18,0,0.16669244685464796
VILA PERY,poisson,2026-05-25,0,0.1669679565789075
VILA PERY,poisson,2026-06-01,0,0.15170831462296275
VILA PERY,poisson,2026-06-08,0,0.15195905853318986
VILA PERY,poisson,2026-06-15,0,0.15221021687362585
VILA VELHA,poisson,2026-01-05,1,0.2257893044566037
VILA VELHA,poisson,2026-01-12,0,0.21485467035863265
VILA VELHA,poisson,2026-01-19,0,0.22938858857799851
VILA VELHA,poisson,2026-01-26,0,0.23330973932570354
VILA VELHA,poisson,2026-02-02,0,0.2288611504170308
VILA VELHA,poisson,2026-02-09,0,0.2330547065041994
VILA VELHA,poisson,2026-02-16,0,0.23570888822577452
VILA VELHA,poisson,2026-02-23,0,0.23839329753089344
VILA VELHA,poisson,2026-03-02,0,0.22404102027223757
VILA VELHA,poisson,2026-03-09,0,0.22659254815085983
VILA VELHA,poisson,2026-03-16,0,0.22917313452291108
VILA VELHA,poisson,2026-03-23,0,0.23178311032580617
VILA VELHA,poisson,2026-03-30,0,0.23442281026589512
VILA VELHA,poisson,2026-04-06,0,0.2203095730082352
VILA VELHA,poisson,2026-04-13,0,0.22281860468812506
VILA VELHA,poisson,2026-04-20,0,0.2253562108865196
VILA VELHA,poisson,2026-04-27,0,0.22792271702900613
VILA VELHA,poisson,2026-05-04,0,0.21420081267084123
VILA VELHA,poisson,2026-05-11,0,0.21664027373243208
VILA VELHA,poisson,2026-05-18,0,0.21910751699613887
VILA VELHA,poisson,2026-05-25,0,0.22160285886412373
VILA VELHA,poisson,2026-06-01,0,0.20826143649751325
VILA VELHA,poisson,2026-06-08,0,0.21063325600011873
VILA VELHA,poisson,2026-06-15,0,0.21303208735785958
