{
    "dx": 0.8324426408004217,
    "dy": 0.21233911067827616,
    "theta": 0.19040666040567744,
    "R": 0.00935615945025577,
    "best_mse": 0.053355945323510956,
    "penalized_mse": 0.328355945323511,
    "hex_count": 133,
    "active_hex_count": 125,
    "target_hex_count": 140
}