{
    "dx": 0.8324426408004217,
    "dy": 0.1827874078906681,
    "theta": 0.19040666040567744,
    "R": 0.006351140887877362,
    "best_mse": 6.745602123427296
}