{
    "dx": 0.8324426408004217,
    "dy": 0.16727078499411185,
    "theta": 0.19040666040567744,
    "R": 0.006410841660440597,
    "best_mse": 7.189398760327917
}